song_id,target
7c61FpilqRU/3Ley,Country
EmqUjbC3coby/LZy,Disco
lvF5H8aYwo+TlFJe,Lofi
O+oGRFmYSUbebxCK,Indie
rUR7HzUw1p41lUUn,HipHop
VProB7TKgRFTFVrq,R&B
gYQjrcbpEG5W9edD,Pop
Z2Y9f3jYnh+YTLGp,Rock
IAIYlsYrEIWPb0U0,Rock
xfUDK9JELK9bTDW0,Rock
7Z1cARGOiTyADGwO,Metal
bQ8WIG9gO/b55XDK,Lofi
hhxrPEYmlbyKOotG,Country
rgnM31nxwjH6u4U/,Ambient
1gx13kq6pRXFxyOV,Blues
iP/tP91d161uCfcn,Disco
rSTi8rsVyUgm4qWN,Pop
EYmjfpn1TOvuu8ie,Ambient
VZNf7ytOSPGBg8rG,Ambient
cZTMC5n1L9p3YzHo,Metal
7ghPTCo8YV04PL+k,R&B
ahmSY+um6ZilR1uI,HipHop
6GQHDA9M1Q+p2jdM,Funk
ag9dcBeGUftIevBv,Metal
CtjcNMfYcV2S9btm,Jazz
2MAoW+vIObjgNDBL,Soul
Hlwo3Rxfo4dnQvj/,Ambient
AZxiqtF8HGSiQzhx,Lofi
nVJvZuOCLdWvhd53,Funk
oWC8COIDIaJDN689,Blues
PoPEEfNaro9QxKEg,Rock
JYx/qZGZTWxKEe1Y,Funk
ZDjYmQypscQsLwVV,HipHop
z2G/R+/ZbMZGKH59,Blues
gZv1ik4otvpBaUpq,EDM
w/XwBR7sfbwsNhyQ,Rock
SfDJB+hKceiGOsUh,Ambient
bMF4c+nbvexWStcP,Rock
YVH4BRQcV5gDtOW2,Lofi
uWJUOIRyoCIiBjhL,Lofi
3oYM3lM744NFulud,Lofi
J2KGbd24JqVR9K9/,EDM
VH4KZwr7TRHfDZMX,Jazz
1UJzM3q7ytqE36TR,Soul
1mg89UoF8llXWPG4,Pop
qz1HW12sOZ+ObjeW,Lofi
kF+hJgPoP55hmwZX,Indie
pEwf+h294aqAn/MA,Blues
+BBNpVRPNENjgfTm,Classical
b8xMGk/uhpbQxc5N,R&B
6hCj6GxoPDm4RUSM,Classical
IfMWNurkeHdz1qjU,EDM
0McNvLXPBgENraMl,HipHop
Uh7A35VbAdj7LxPC,Disco
HpjmXiJPIfnItsGI,Country
Uo7Vzr7iYWPQ7kck,R&B
g0gSS9dykjf7Y/8u,Pop
wvIV7bWEX6o0kS+v,HipHop
Ob2queOGyIkhf1He,Metal
3H3hF7wDtMMmLVvF,Metal
WsW/mk1MU5/zNJz1,Country
juXvRrIKeiZKhEpb,R&B
Kgx99+kO/5L6FAKv,Pop
uKA5uDbEHMtKEdQj,Lofi
eQuOdtWAb8Vxw3mx,Blues
HDUo4S7dWT93Q7OO,Metal
iW3mSad1+b/zpURy,Lofi
8WVEsCyvUjeF8NAb,HipHop
phFDB8mjx/oGMtzj,Pop
6h/B1MTHXlUdxwef,EDM
jXGNlqKheY2SSJd+,Country
9PJxD83pAsJOyEun,Metal
pTsC40ffg2GLYSPI,Rock
GDz2XxfG+5pr5GxS,Metal
29hN/kGwzn+tmN96,Rock
ZeBeQqBLuai9KOr7,Lofi
ymwQTvDDrL+FuNtx,Funk
gZi42lUOa0fv8pnG,Soul
fwxIAA7ujZk0ze/8,Rock
8kRFDtTfbvbnNaa/,Pop
2ak/WGhSZBmPb8Xk,Indie
pHqL6JNMdLt8kUIM,Pop
J9Zg24xN4JYL4sBi,Metal
CJur0dY78SkEF0s+,Classical
b+GzRfoSt7iDfJZf,Soul
NSK6WI7SsU7Oak+q,Rock
IuuU6WRmyvAQvisX,Metal
YLKoDTnyjpjuRLfy,Pop
6Lr0zzfWBbLdHC4a,Metal
T+jEmGXwDJcZVtn3,Soul
KbKFPsQGmSrrMto9,Indie
mZm+ibhXmASFcz4R,Lofi
+RsBor8AcoocvLER,Soul
kWZWp+1ymX0EmNfw,Classical
r5vkY7RiRDLT10rU,R&B
ULz+WcSiO7BA4Suy,Jazz
5woS+Bc679xskc5R,Soul
FPJTE3lU/oh4k1HH,Metal
mSymU977w+yeORJj,Blues
2sJVljOmHCFV0WA5,Indie
irXGsyxv5POwC94I,Classical
QPtoqCpJ2Y4O9AVr,Disco
eAvGCVl6YAuEZl39,Indie
tnlRWPas8Ni8bZ09,Country
dM0xMV6QzZt9a2BA,Metal
uuOqmpohSrTViAmK,EDM
LdtRLFcupFAdvrrJ,EDM
5ZC2vbc1X2k6Pi6+,Metal
/lgvaE4NyZjMVTEv,R&B
EwltvKlif+MO4Uxk,Rock
Z6Q6flHvYYsVqBMF,Classical
q1R7qYn/6jPtGSKX,R&B
DoUSOFB9MGR+Ccrf,Metal
V3YmdbLuZAZK64qL,Rock
sBFxNeVg5KHUDSym,Rock
3JhEMvELhX659Y9b,Metal
trW9ZEshdegD4+qC,Rock
Igyv2RVE/E8eUIqL,Disco
ceCjxIeFMKXSTETG,EDM
YWTMVY5tOGsbN5y4,Country
hxSK+1jtzy8SuQqM,Metal
EH/nF6YtXwK+3cwb,Funk
e7uTBrW2kDhuQprb,Disco
tk83VuJ9TdL+F+yz,Jazz
zYlrAEgiuyGyS1OW,Blues
o2tB/0y9o47ABXyE,Lofi
0mKMeGU7+TwJdpOB,EDM
H/g24UqJKHxCZ3ky,R&B
10IobhrVHlSP8YCm,EDM
9dJrXh67hPxZJRCS,Country
Z6IwYbnz9aHDRsnd,Country
Mi+IXqujJwGuqkrq,Metal
aIUQ7PZMIWMvYUEG,Ambient
YoqTQaiPaWMS4ybo,Metal
Mv4ln1uc6DZm/D8J,Blues
KyGvSWo3FhPWzFYv,Disco
SO+Kk2Xq3N/l2Vj9,Indie
8ha7h6DoxfnA4vSI,Ambient
9tFcavvBx4QLfrs2,Classical
W9ecxLdyxvD4Wl6K,R&B
hN0SNLwUeb69xNtj,Blues
BFCYw+10bnpGK5dr,Disco
HCJsLUdqiCU+cXNB,Classical
vlZJp/Kwfc4Q/y12,R&B
AE+Ar9tjwYUUPmlD,Disco
7CqSrgV1rurh1qba,Indie
2mYsp2ndy2FK6XrH,Jazz
R0+oh+E/U2U6BXse,Metal
k2u+b1XvrZt1gVT3,Metal
u5pAwb3TEeINHn1y,EDM
htJqU8T7B3Qdi00K,Jazz
2UzCC7fVXOL3eVcQ,Metal
0cm94SNjamupE2XY,Rock
K4yPaoeKFlDg0joZ,Lofi
w/5/Pb7rgfKKpYru,Rock
fxbRtNiJO97ThUll,R&B
JKtdZVDQ1lfI22cB,Ambient
Ka5fXicCKctWcGqE,Blues
DuQfXlYHTIxIbkyV,Metal
VbdfjUAwQnOdY3x1,Disco
0z6/ayUJSCjTb/ey,Jazz
7D7Wvz1b6KVwebyL,Indie
A46PyFd9StSBxt78,Disco
L9qFUFfjSD9VTBcD,Disco
8EeRr7zV57HpVbnL,Metal
UeCZQ3GNS7+QpXUi,Blues
+Z0M9REbPxH15llX,R&B
lEUq53OuIj8b5EXT,Indie
9pnEoaAjtrHAwbXk,Pop
VAnU0DjITt1Iw7Xb,Indie
qXzEr/DvUCev5FMr,R&B
b4FDPnWaW2wmiWxp,HipHop
XPAtLUBBWsPfKUTQ,Metal
OWLe2+gm3nNB0AQg,Country
Q7D1az/uol6U8KhO,Disco
yrmwDAyDbkdX/vRh,Pop
1XVm8CM2lXtzvtqR,EDM
u3ipOrhNUYyDG9Ys,Indie
r2tFLU3CwdDUyJlS,Disco
6Jcuszs4lYOB3u3b,Pop
KvrsfVnKg2nC9VLC,Metal
eg6+uaVDqIdsW43a,Jazz
w7/yuVjH3BfZz28j,Jazz
m4TZBTjYZp3K8eZm,Metal
/NwzF8Kq8oeYj/bV,Ambient
zlb9UZUwtZv25tLv,Jazz
h5GW1MZ75atQyyXa,Country
AyL3rfWZuyspSf0j,Blues
Pe8wdP0jQjS61za/,Disco
TPrGKz6NQotk5qqC,Disco
uNHF61QgIF1FMeE5,Indie
gO5H+MF2YH2ARJpq,Blues
5wW3x+JSg1m+Cryu,Metal
R07JkS+MmPduMoCS,Country
JsSKAw0gxUaZLife,EDM
mT6gj+47n1EQWWuz,Rock
qHK8+GZ3L3IgsUT8,Soul
IokdlBhiGXOxqZ7/,Ambient
e3dAplPaKj6R+vvL,Metal
2o4oO49q1XdBhAQA,Metal
zh/MCGBE2B5nTJHm,Indie
kJEfjHjLHslsKIo0,Indie
ZBDPVw0tziOSv/Vv,EDM
AhZyr1F9Skta3C2s,Jazz
8M7r3pv/Qum+lwnA,Metal
iAWjRcDTXMY1kAVI,HipHop
tNxDepmfOCsiQEPa,Metal
yIvb+YPcYlbEorxa,Indie
hRdLYz2mRcIEYXKr,Disco
l52eD9HNvEg7MkqE,Lofi
CFUv2Q3nFjepiPv1,Lofi
fEHMwf95bIYRqCMX,Ambient
8uUisCPDuLB1Ijeq,Country
+kCXflbCSS91Nwxx,R&B
2MsnCwm7+b0E5Gbw,Pop
SQsJ3IbHUHfPf4AT,Disco
DdFx7eOLdC137+xh,Disco
c9wwbnFE8nuI1xnF,Soul
WAjKd4jdwRTQma3D,Indie
NO2QzI2N/DV5k0no,Indie
gQktItrljms+Yvar,Soul
frhRcvqkOgNSQXI0,EDM
jYagQHsdDYomL4y+,Pop
6e9TyIsKuRbDsdUQ,Disco
9Np/1F+hJs4teTfd,Indie
HJ3/wDoeueXbyAwM,Blues
rIW56W76HNcWn48y,R&B
i0vMXiLmTPNUaTXV,Metal
RuVe8HclpnDJJKzL,Disco
GsmHbEm7Lcz5Nq9B,Rock
OR1U3/qFHAlHxcXz,EDM
STHumeIlQht9ICMA,Metal
/8i2mjI9K9dxaOh+,Rock
z3YrT4Ekj1ysIlvi,Metal
1aG31k0bb9waMPTd,EDM
5ttxMSfHmD1aFnyh,Jazz
PBqMOiv3fREPbhu2,Indie
/GJz3ECHGer+KNxX,Metal
TU1+OdCvefKAQnWx,Jazz
QJkUv2hVrW6JDFKc,HipHop
LBjd3UM45YwFMIzi,Ambient
8/my9rg65/JGqEDp,Blues
6e7p64yxUQyU1MZl,Ambient
fqh+oNnVyh8nxhC+,Disco
FPNIEvMwjAo/koFv,Indie
7TYHN8e8EK/OO5vg,Indie
JyT76n4laZ6QlX1L,Metal
Y2A6oAaKjutysiMl,Rock
1n7nMvU8SkwWgl8N,Blues
528gZbEhSn+dzLeZ,Blues
Bm+5h1k9YYnsE6zX,Country
xIH8Qzex+KEdzWF/,R&B
GNpLVCLZXkSP/rFV,Rock
l6MeDuEjTXciLhQx,R&B
Bzhsw9NCC9OHZK+t,Soul
c/gBeMHOGvY04dk8,Country
U4ye4rq7ApJ9h7pe,Country
ey0HuT8G0vF0sx5S,Metal
4mDcAcc0I4ZlQlgx,Metal
Apax+j9I+yaUOPEq,Classical
9kCLaLKt/VRZlJas,Metal
V4/M1+tW1xTc1sdG,R&B
A9X49C9HvwUPZdSO,Rock
fuspncWafu7HHkLz,R&B
zu0VMY//p5ukZ21d,Soul
eumrst3OzygKiBxO,Lofi
kZWlf73CWqfBL8Qc,Disco
pV/XmY+Ni7lD1zY0,Metal
gnRHpHZxJHMhpShu,Metal
O4SdkUmMJsfx+/xp,HipHop
BSFtdLMrZdDeYbMy,R&B
dM+iPlIoM40qqpqr,R&B
wzjoiFrHMnVd0lI8,Pop
2cA1O/cWGk7vVAOZ,Lofi
jgBXmRBY/SD9DSof,Blues
yPxcI4+paOJbqQI6,Rock
nOLZTf/nV09N0bEB,Jazz
8Qz6I32aTj+Cl1eG,Pop
km5dmIXGj3Vme31d,Pop
68qlCWY9ok8EChf/,Rock
mSGUl0eXFplR9OYN,EDM
dvMpyWTtdnKBEkX7,Indie
1qgQcYJTtN0jDhtR,R&B
teST5T6ER0ucQmjQ,Metal
5PIeSYtA2+JmV5Tz,Lofi
rdS7ZINftVz7lmzU,Soul
ddagsniSrjRov0ub,Lofi
nFXvwx7OgSTZMd78,Funk
vgKcmNrjZ2+Hwxhz,Blues
B2JB4ynlFb7VC9ag,Metal
g7ZAkqtRwyoE3yjE,Indie
AV6PhYJpkmA8qHZS,Indie
BPnC8ir5LnWqWNHD,Country
cWJY9dXY1UAi/whF,Indie
zBGeFVZv1h6DdQtG,Disco
wWtiLBzy50Mb4AiN,R&B
457T/yIeRGd462h7,Jazz
nm6ECrg0ww5rZWIu,Metal
LXbP1t6WBa0jZZKx,Rock
J6ExTzPNtDR3yJX8,Blues
tX6V2Z1JChTIURnQ,Metal
25ylkLeuloUiCD1y,Lofi
d38dSCI4eOpttR11,Jazz
OeB/BPqxQUGrl93x,Rock
sdWWuk5KYCZnCPf5,Disco
r0S4Q9bPU0XegzAx,Metal
xzWdn1gKB6zawYYe,Lofi
ED3AjtLRUhyrrv8S,Lofi
eZbi9g8DahIEHKQP,Pop
gzzEfr6Xsqs/7bbc,Country
1TtkOeVokynAz1VF,Rock
TOZcGZM2TAzwqE5P,Country
nW+TzGnw0o/8rLoE,Funk
E7KgGiwY3uD1x49p,Jazz
LbiffUWpG8iBYMP7,Pop
sOCmTBEywx/UvxNF,Pop
sZdbSV/Ubtg17Gsc,Ambient
wygtTJSydhbNaAvc,Disco
GjDuAUjF8LwryTnO,Rock
wFfxw2MDqYte9syf,Country
5EejOHu53mQ0hPhT,Disco
hYP/VwopQThSHiJO,Metal
i0TL3kn2XepOXk60,R&B
ITiCXbHXsHdIj4tR,Rock
QNCYcWU37VX4aFIf,Lofi
5I44ItmRxmZ5MTCZ,Soul
EvpZCGr5XPbQ12OJ,EDM
TGYLn50zkQhpYoKn,Country
W8MvTyDNdlfwV1bp,Indie
U5KXg5IYlFiFzPAa,Funk
/3QhexRFUITACSEf,Pop
xBUDheTZdjMi42T4,Metal
aI8Q99vJOwIRqobu,Metal
G+KYk09vRKZEkPo9,Ambient
v3IgdUZSE2aqpSrs,HipHop
+7xDcNYyCNe//slC,Lofi
Cpaerq0RfGYEz/Q8,EDM
EIYzNCUc1vZHEVxK,Pop
L8q9jpbzpWqmP4os,Jazz
km9YVgElmLekAJv9,Soul
d3iDIc9S2UEuEnIb,Metal
yMmkHQmx6IxkFjBQ,R&B
MTUgtXXw4GPrIt57,Disco
mGaapiFIeNpBt+xZ,EDM
gc/wirAxxxeYjtxy,Soul
kQr/12slpfAXa7ka,Disco
v76ytzbR8qzhLPeZ,R&B
/pg8Nk76z5lSb/mL,Metal
/2cwcj8yHiC9obwa,Blues
hcKzpzXIQxSCmDNr,Soul
hW0gqayNbEVpYs9G,Disco
UHQtbHMptGNLdE+n,Pop
Tg0pT15z4OBRvJSL,Metal
kKhb5i5aA3Y82DKA,Metal
b2xYpU3rWx0dYdEF,Indie
QnhyN9KjUfI1pdu/,Soul
CA7yCeyVRsnDXVNI,Ambient
2orrfRa8mQvw31qr,Blues
6wtsYDocIhG/vV+Z,Country
o0i1SVFf0tNMWvlu,Metal
8Rv6RPpHm/P3tU6f,R&B
POq0QYQ5Fw8efo4Y,Pop
2JENloSkVxVPZ+/t,Ambient
tCNMiwVsE0/xoB7F,Pop
rONNsE3FaFQ6oZyh,Pop
BM0bJq2+BsogB6uG,R&B
t31raXuiKW2/CuLO,Soul
DH4eNSSm/gQz00si,Pop
DHqae/kz45b5n1V2,R&B
pqBmW/MlqaqB8qUW,Soul
xi5da7kvMm/8c4Q+,Country
CyTmiKBtSsVecj7Q,Country
GgiW5zRFKywz5J0s,Funk
1Cp07OiOBxPZFDXX,HipHop
OMS8BxkZ21fTJ1Ql,EDM
4Z9hj/gBA7HyGIdX,EDM
2EdDA9eX630X60H1,Indie
n71Y48L4jqhONihn,EDM
mMHFY9cFO7Hd5Pqp,R&B
DDR6E7VPnJjyPUA+,Metal
lFmz7hvdOm5uX3o6,Indie
f+G8gE8vRR6UB4ov,Blues
APKGSn0EPU3pcHr4,Lofi
vN+52IrTyGBaw9Q8,R&B
2fjVjYQqFZ2c5W8O,Indie
iTOvuws1tUAqTce2,Indie
J67wl5JEmQO4W71D,EDM
Dz7xNxNQs2dyoqAG,Disco
1MMvIL3tnWkgcbTe,Disco
KljJ1+T7kn3GAZCm,Country
9/XkOAq871ZPZwjw,Metal
YoLQvNHXNvAngCBX,Indie
el9F9MqeQCtXfYpq,Rock
MZC/t5Uh6C9rhh0L,R&B
3kDJInpekrVbkeZV,Blues
uoZNkVf/CoSSJ+SC,Country
y76VpLN7b46zFnoG,Disco
z758hvMFoMsiY6n1,Country
vDMowSCXjPDpiRFF,R&B
SvEsju0Lg2zx0D4c,Ambient
iJ5ZDF2H130QG3CS,Soul
LdIFveiTRIFFrRYc,Lofi
xnjpV/BRHlPfcCE+,Ambient
pHyOASEAnCVnaJXq,Metal
/S8uDuflwAwF9t8A,Pop
OXevZlW1LQue/TnE,Indie
gXNsx1TX8rWWhRFs,Country
jshTL41QxmcG6Y8G,Blues
A/08CYTebEbmqCcx,Jazz
XOALEsYfEp4QCXfX,Blues
H9x6uxu5P3Md5pSg,Pop
M9j7JJxTXJuKhEHn,Indie
2cowoxWM1Okk2T3/,HipHop
o035O4RXTlIaYu6G,Funk
CzHNGTg25oh83Pxg,Metal
IL7QyV/ICcJl0Ogw,Soul
H8X3h9dv7BY3oJJq,Metal
R9DPsOSUHdSnhF4P,Metal
ZSB+4or8KL5ITcy9,Classical
68m7wVAD4jbbp2gF,Indie
h7o360pPBUn9YaO6,Funk
Xc0YgY8ihyDQ3EeK,Country
vB41IbhMScOYho28,Funk
P/NAUAUKNDVZ2XD6,Ambient
v8a/O0uTuXrOeQ+q,Ambient
feiHkX9gX/XjdW67,Blues
iQublEq4AeyU4O8m,Country
O2LVY/NqJoxZxNFq,Country
B38G0oHJ0UqmfvAO,R&B
euqN4tXyncK2F9wx,Country
vhaLlAPzKUw2Rvlh,Ambient
Z6y9LjMH3IrUejEX,R&B
wF3AaVaiUAxmjJ63,Funk
WesaZCupBpL3oPTZ,Disco
WaZuBQhQEiULzAHm,Soul
IuwdW8/tNZPfREav,Metal
eP02IIWYKWkuYqtc,Lofi
kv/AkXZ41dCALs/i,R&B
CZDqAyQsmsf2ZIoZ,R&B
kJNEg0LsbNE1hk8e,Blues
w5VkEJ/yyQxB/fVR,Metal
qwLbTTKwCOf8Af+p,Metal
miJE3BIzlqHxSLN3,Metal
xkUt+ewsAfxCGuAy,EDM
NwG/wJlPMu6VPvma,Funk
UZqeEVISKABtKduB,Country
/VNlEDukiJs2UHtI,Lofi
FwJcm7nr42o7v+7s,Ambient
aNU2J4W3t5O/BXer,R&B
OO0c/paQsfNWvrkS,Country
HM//Ml4Q++uwI8aX,Soul
oGIhX2Bk30J7Ip4k,Pop
w6Ay63oPoTaTE+YS,R&B
xsJt9vYTufSYKOYF,Indie
G0BM3uvjbjBILKc7,Pop
raVDCKd4jagrn+Cm,Lofi
DZxiX2sLAmrAH13e,Ambient
VgLqSnEpaiiTXtiy,Blues
qsIeYACqw4emUMzT,Classical
CK92+JbvmR2giVmC,Classical
QXrdOlhydfAOoFxN,EDM
26SzyhtaYTsSIkVb,R&B
k4PoE0EKr3Amxaez,HipHop
UcThO7uo9uQ3KElc,R&B
oIY+A2gT/Ov9UQea,Ambient
wrwFNKTptckjfZEE,Soul
pbO9J5d2wxMs8JwC,Funk
v/DJsAzgq6GD+d7Y,R&B
pJh1kEO/7uHWevNa,Jazz
GUrsSZHeF6tYejdg,Disco
2Tt3gh1WIK04duZM,HipHop
JMk1FDL1pyy8t9rF,R&B
ECsJfqPDLFfo9VCi,Disco
QX9q1p6L4kPtJnRG,Indie
UMNIglcEGE1zXf8t,Ambient
e3T1czaQW9DAxxBR,Jazz
lvC+aBxbWow5ruLd,Jazz
WzfWNq8Doqr3Ux2q,Classical
i8zyu0B1seo6MMI9,Ambient
ysClzCca80L3MdvB,Rock
yxJTaZ4/Xeu2Li4E,Disco
B44qxyCdcBXLEZpK,EDM
U5AcqOxLJxGwqbrD,R&B
gS09ldycVPXuNA6H,Metal
FFejMtQNm9aTdUpD,Metal
7+oqccOrVdGDbk2/,Country
jMLtKBARx3R5zDlR,Blues
9ouZYplnamLdIkWE,Rock
YHQtUtCGZtxRuzvU,Pop
Gs+rhfXDpZJoW/mP,Indie
F2vy5MQ+Z0XAcNUO,Metal
49oBFZjKtGSeAvf8,HipHop
t7w7zpbuIYhpGu7U,Indie
OxN9qp3QwMFBT8PR,Lofi
IEtiW9Pw/Heql+zP,Rock
4vsHKNgP79Y6hflT,Rock
gR1AqUXCJSm2p51V,Ambient
D9ZVIk9rjgq8NrI6,Ambient
1CdcLI+nzpX6Ti2P,Soul
MUkN7xAAcjcit4Lq,Rock
ADUSCY9Rr8wJt9Gf,EDM
LBkH3WK6XehILADN,EDM
ENABt6IakRVpdOSS,Country
mepG0F+KVfM8ec9O,Soul
2jYg7KBnW9gvQ5cT,Rock
0k2kmj4WFQbFdyTP,Soul
thoDbEoIuBnPKGxL,Lofi
ZJAMYeoqrtgvg5up,R&B
dXKlAY1G1wQeTvml,Pop
IWl+pyZBVPRuar4w,Indie
Ozb3f59YeKQzD55h,Ambient
Bx/WgSldeZsgnJMR,Rock
hA1Kf5nWbEoLlw9i,Indie
aj9SSFaYjipVnR1w,Soul
Bec9y6C6UAW+D6Ag,Lofi
bqdIKJZtYUud7DsE,Indie
/jGJr4EpqbIRh1K9,Pop
9p41e4OJpmVXTvQ9,Ambient
X5+aX6Vq4fa+3LVA,Pop
3RSbKYd+Mm9/Y3G9,Indie
EGLv3SMW5mlDCfAI,Indie
SMHxdD4RgocTpiko,Pop
CvbosF1orJ0hAQAh,Pop
AHw7zAy3Rmp+i47u,Metal
dsB/WSuIHNcp9e6+,Pop
Wm1OOE+zg7ZMnTrg,Blues
gJaFl6IgaTutpNt3,Ambient
K5SYzmcRcSgdW4YQ,Country
mo8pdDmkoFOVt6Ht,Disco
rGstvJlEgEfPdDZa,Rock
EV6cnVNonBF08mXp,Rock
6assFBguZ4Bb30Gi,Blues
uZwWGxcvSCd5mCvw,Country
Hqoo0S7/aRlZ4THh,Rock
jHEYBign7tw/TX6C,Disco
CAC/2ySCHbMKLP+J,HipHop
xHxpyu0OCAd8bdi/,Disco
kxZ1MxMqWt3wHyy2,Jazz
NCK0YPXzqJj1Sok3,Country
6nrQvNtgj9xwRK/H,Country
cKHMlZc9kIiSEvMD,R&B
mWVSpmTxISVHzCrK,Disco
CMuOci5desmO8cxT,Metal
onP34BbSue2Dqzzj,Disco
o7sBiUNPyeHww8id,Pop
ZQ0wZPJI92VsS3C5,Blues
+KAoZ/CLTLoXRdNe,Funk
sfwwAgktscqzZTXF,Rock
he9rD/SVEBlVHIYV,EDM
GyTjnSbQlwH1LzYj,EDM
qjB2YhSm/Cn3+A3e,EDM
O9/66lS3XViZy+4z,Country
GdEAk3NO/XfqTMBq,Funk
rds0WJ5A7S3GuopX,Metal
NTwwJ/jAtHOOVuHY,Rock
27pPg2HKXPNc3r8u,Pop
SY/V+CIJq83lrIwh,Rock
G+DHEyaifI5Oczyi,Metal
89zjY9ExLBR/kHp1,Soul
yQ/0nlDD+O5WZ58+,Lofi
cVTTuKHI9jeZ8AYo,Metal
sjZAgUHubuVX3Xbw,Lofi
+3f91GM1NKsXOD5I,Blues
R9i63Stu2Ub9ox0P,Ambient
4oxLe/RcLfsgW+C7,Metal
Y70YnsMaGLJtDbdx,Ambient
mgZnrj9aX8Vo5ycb,Rock
HeNET+fYYqcgsPhp,Metal
tSEDvC0gvNTPPgxw,HipHop
tt/25Ub1gXKsUpMc,Lofi
/X+LSg37uL97VMQS,Blues
lAi19QpnolrkpzJs,Metal
RIz3Fr2y6NJ9Go5n,Disco
yu6l7FcZ71zd/WAG,Country
92TmPH2ZICA594jk,Soul
wLFq+yGtqlv3KQVK,Soul
XGpXQDmCJwplenNR,Country
OPv66jCVWpVKkiQK,Pop
g25rmt2RL7PHPmIo,Pop
MUiLhEY8c3orBF13,Lofi
CcFMdotPJE36KHpx,R&B
0b26QE5ZUjcQvW5f,Disco
vclGBVKG9V+64553,EDM
CR7pBuI1NY1OP9xX,Country
e1A8pFN+KEI+7Gwn,Metal
NpYw75VuD04NLZF2,Country
q4U/EOhLGusxx5PH,Country
1KaDfV7o3aIcndsx,Rock
IbIFQ0w+HiQXwqJM,Lofi
JxgGWCjAIGC0eJ/3,Rock
VDMjoJXf4UeZwzNP,EDM
nJNhcGE+/VWKn78A,Rock
G4qcPcJXtotZD8W9,HipHop
SyC3Z03ujces4e8x,Metal
oopR3eahCDrmbXRl,Lofi
MUCEWtXQAoTKJd0d,Jazz
O2n48/Uvw+YmFHRA,Pop
TfqRacAj1P8YQ2ME,Soul
488tlsUwdyhMUMlf,Lofi
AHp9f2Kw+/QlZEFK,Pop
GGl+Z/Q00adRsw81,Metal
tZbWe7z8PuqHdrBo,Blues
Z4/3L+UA9VtIXrkD,Metal
MtoYpyGerLCaTVhB,Blues
4yQLoohddSrFUkG1,Soul
gkdfHIg24nhgZogQ,Jazz
FV0fWXm0rquSl6jm,Pop
uEFoW1BGJ4/Es+sH,Rock
4i4L6jfpQGt8wjOG,Metal
kFtEgWP3NHbTrPgt,Metal
1Tx/2icuB/JBsxmQ,Disco
U0L67Hj78Vn3eKB7,R&B
tAwOlCAoRVpSN6LG,Blues
TJ9QzZIhJRXs38MX,Metal
7ar2BctNu8zlCHV4,Metal
SbvRJ4OpAwFAcg1D,Soul
Dt1JfTJBR98F0C5G,Soul
qMz7V15puCErNGHb,EDM
khT893x5Br2cx/cA,HipHop
n87U2COOzlJckZJT,Classical
BFCuv8/+XkioPJI0,Metal
dkoD7UTki7azq8ls,Jazz
6bzoxU6E3pgI6hq7,Lofi
yQAGA7RiIfPqqwdh,HipHop
LYyhHQEonz6ZqjTo,Metal
iXmGu2lyVBR3z21N,Blues
DzONBHBPKFoUNn89,R&B
ELZRwMSIRzf4BLsk,Metal
eDi+Y8D8Rf7FEZ3C,Metal
t0VMlMqiCUNN2Zk/,Jazz
ypBk08h7ki5AIr3j,EDM
qqNSf3Uzul76wbXO,Indie
/TEHtUMaXJXhngQc,Lofi
4MbMAodROk5mAGgR,HipHop
ztbptTze96XmzAgH,HipHop
Nzn7BncVcUW5RwEY,Jazz
evgEcUqpw7i/kgNK,EDM
TCiwXkOyiX0KJgwz,EDM
ZGx+leeyZehFhQFc,Soul
GoiAs5IgovnH4VgS,Rock
75E2NMTZ15NiclTK,Soul
dwW62ptF76zIBog3,R&B
JqU6yAreY98xV1CG,Lofi
hCWzv7zWhzgqmPdt,Funk
ME+vYByqkURaxTUQ,Soul
zrCf3h6xppn5AoOF,Rock
5VC3EYY2r3qktuta,Metal
zejDXyoTCj07rubK,Funk
n8dlPEMZMpmz3XUh,Jazz
kk7HvJEXmBYwtBVG,HipHop
/1Q1Lw5Y2JBopx7m,Rock
ql3oUHLfGPSkx6Dp,Country
mFISmC+NwvZ5EOD3,Country
nJwDc1hZxi9o5HHe,Country
1ReQFoXQ9XyzZvKh,R&B
A26zplTPqKsJowh3,Lofi
QK5s+vIZXluxoj7K,Ambient
wP2zONLdRSGF+OBq,Disco
vae5W3hulDatWh0K,Indie
U9ZEH0g0nQq0ePQ8,Lofi
4D6XAIvBNEc8ytJF,Lofi
5VhwDnFQhJDvrf5c,Pop
p+QbJcyB1j3TKvUe,Soul
yfrQjmRfoDRYH4dS,Rock
ArHjYdxkrzPU2VIM,Country
gHjpYzMLI72m10Bo,Metal
BMEQHBCli8IGyxUf,R&B
KFc6ucmVoc84ptFQ,Metal
qEtaD1TC0FSDxIPx,Blues
qE24fP+c7sCWv55I,Pop
AKLVzyYWwVnuefG9,R&B
nI+ZK9g91p6RJNxz,Pop
6pzL6IxETohUYyAl,R&B
d8mJP5tCeVPIxufL,Funk
UXA62YY5eONhRkGj,EDM
UA9LlvMuu5+u4oZE,Blues
oRG4pdUamcHWZJsV,Lofi
S3RmJKbzOC2LOS9j,Country
o4yaagy6BGDFRcEF,Pop
XAm7vqSyysLQSjpq,Blues
lfSlFyhUGGiKlFGj,EDM
aTEsRgPORE7fB7JL,Rock
jLCzAU+GdjcJM+J1,Pop
WUu2ZIw9fGUSO6Sn,Funk
s/y4DSye+D4AALaA,Metal
fwfPMRnJQihAsKqN,Funk
CugRv3fYTEoL/Igx,Metal
OSZ901WPDEf3j4sR,Ambient
U2ZJz2hsdh1owDnN,Country
jlpFyKiuvdeCvr7k,R&B
LbFk+TffuWipbxhK,Metal
DHMfJbL8NJuQ8DMs,Rock
FCrp1TZ3x/iCjwO/,Indie
Pa3LSSqpN79OpEyQ,Rock
IdImko7tZzK1EdnN,Country
YQxiT6L7APXY94R+,Country
q3S8d3/tPlC+Oxtv,Disco
xNed9suEGapOn7BR,Metal
TXmhrC4q8mL3Aym3,Blues
0ddhMZcowYuWWzYr,Jazz
YJOjpUyhE840bfXM,Soul
ctLIR69yaXVclgSB,R&B
HD7/XaIJuUalhPTf,R&B
Jghnu39QxxzTRK5+,Ambient
JcFJCBrYHDSR1yyO,Pop
A8KqpLpOGFTWcHqw,Rock
VmMubZK2LdRucVmA,Jazz
VIGrxf465pwhy6QN,Blues
t0Wk7De0okwV9IYn,R&B
SySUEvYgjaY/7KSM,EDM
J3Ql/wgw4bhEpQ/R,Classical
DU964+rkKtzhnKbN,Pop
o69Vonyze6TSyxeC,Rock
6nND60F3KKDmxnr/,Rock
lkEcx4hMpSRpl3zE,Jazz
8HL2U1QGze6l8Grz,R&B
Kr57nsUhIdJmdfai,Metal
bFwPxkszsOyPgAUC,Ambient
bSNC2H9Kx72X5DUQ,Lofi
kR7dNweuCa35aeUw,EDM
4hwdjT22kB7af9T+,Classical
GGSq2kcg+nYx7raV,Lofi
98+lbapo3/xqQFdW,Country
r9d5iZlMDrfY0/JJ,Pop
hxZASQmeHizYGBHG,Jazz
+kSX0exbbER9yqIA,R&B
+X10yeme95/yy6De,Metal
HsK6JRNjhiWewetV,Blues
xBpKCIEbh69zJ97K,Soul
dswhFatHrfDjJP2l,Indie
GU4EDlYV0fr5O7Qb,Ambient
5BXcOZkyMte9IFBJ,R&B
HIGhNo95gosDVmbq,Soul
Cmby7hgdBrfsf3C7,Rock
VDlu3HHu9WVMnZeO,Jazz
3nrfQbDsvnnvPK02,Blues
8EW7Jgb9kD65UMKV,Rock
xsXYa4Q/4IcJyRSf,Soul
KOJE5b0URMjInkcM,Pop
aDC8pYXTJNxc2Vf0,Blues
zNLIhSNrfZIwqNQS,Jazz
IHSBxVBG0UqsAple,Jazz
FH/hZkibMF3ANYbg,Metal
ZpJKuJYp1X3FVUlu,Soul
VsZE+KFDvbhW3BJP,EDM
iIw3Zh18vp2kaR3q,Blues
BC1aqXiQedZhxQVP,Ambient
fgiPeSvNup1u5tSJ,R&B
Hl1p76ENhC9+Bx+z,R&B
iIdkvDa0HUsb/AQ3,Rock
PRdE01kfMIWLqlis,Indie
rOkKO99loLjyYr5A,Indie
t6NfALtdmHuhE2if,R&B
mtPHtovgApcW1WVv,Pop
ptHGjm9l/rfKOEiQ,Ambient
PSlP+WH6CETC1sra,Country
t+NBVFxPNtbvt7Ct,Soul
70rdU9dxnl2WDuvU,Disco
izEYA0636dVVal9n,Blues
arS8Qh3k5NebyTx+,Rock
RKtBDbJm5ca4vr+e,Metal
GJwcPcNrL8Y4joA1,EDM
jgMwZJa8GPRCsLaG,EDM
uBrqgBKHYwPwgKE6,R&B
NzPaSz/IHQcZAp8e,Country
DbXsKlI81mJh3MWc,Indie
Q1q+SluOBWwsXa83,Rock
UbIu1XAAwBBHRwsE,Blues
/K7+ueR0fzClygZM,Soul
HD/R5jkigYK8oMo2,HipHop
J0pOlZMRJq4m9QR2,Blues
igXO6v75OuHRdg+A,Disco
+z7DrO3LrmRqQgbS,Lofi
uOGeWucv8w2TLYbC,Indie
s0UeZ8g57fr6oNin,Lofi
YrNThxTQNN93+ozs,Indie
hWJe0AhshdIR+7J5,Classical
GFxZx0ux1wQ/sSOF,Blues
FMzC1HpEPQ2MZ9fU,Jazz
GZ1sYnQLA+SR8EcJ,Jazz
aAUHRBHzTRIAuHNK,Indie
koZTIHjrGcdxIWOr,Pop
uHJD2nZ190G/q8NX,Blues
7q9eIsz7J7lQ+dPK,Jazz
szxdbLm3ni1/ufcz,HipHop
rV1HBQhyV+/DzuMU,Lofi
YcnTHg4C4Iuctf7T,Blues
Dn+MlSNKC0Mq1XC5,Blues
zgGb64/qxOkSjSZH,Pop
kqmLxc7mv81xO4tL,Metal
p36bDOAuWSxyGJO6,Pop
096q8m6XJknwE3a9,Disco
AjT43FJmyBpcOQZB,Jazz
gm3WwbCTvsklofXC,Metal
ktSIBsq3py+aolCg,Disco
fjIneiRvdUuoC5Ns,Soul
g9Mdf8dLULY+WaO2,Country
Pg4fMEj5yk/YVkFl,Indie
hRZg04YRvvPrg2Vh,Jazz
oPZbMqJj38/ViGrX,Country
2atZl0WGa3XhWBas,Pop
BCWZEixgfnL96Db1,Pop
GQJsFvtqCHQ69vHu,EDM
F7LoqCfo4dMDRxRG,Rock
LSgSJnP7QlNBLZm/,HipHop
62P2GIwEwPYSMkzA,Indie
Q3LDSlLIC/kqsL3f,Blues
4sKTGNXMIQqonJOu,Soul
3sKMLC+LZ5mhjXcj,Metal
KcMbxgEFth3uELjM,Rock
zfZ/keVfjQn9BqgW,Disco
YyVHJAyEDEEHvgqe,Funk
MpPDJ36XfL3CsCjD,Lofi
gCByscJakI1SKtsD,Pop
lSoCo9fYuj9xCDuI,Ambient
yPULnWy/3wfa2miM,Rock
9PDI3KcA7g4lnmTz,Pop
grw3n6oJnm24RJdr,EDM
O9RL1BZYTdW64qHp,Classical
QqFn5wA5F1E9jrRi,Country
QWkdpAfw3jhhl4g8,EDM
jIQfmXEah+b/Y99b,R&B
lqIiseeRgRqUbaiZ,Rock
N3SzbT1VJBGiu7+0,Metal
CGhY7yjBgj3owAlG,Blues
bVHB+U4GRocphs3c,Disco
8PLWqRwJfN8fKiMv,Rock
IyBPrUska6nUDmQz,Lofi
op2ysDeQOSGr3khT,Indie
EwIjQkchrrjhqv0a,Metal
+BKolo0dfjqK+AQP,Pop
kbkBv0bDB2kX/jBJ,Lofi
40/xOQgtt2EAhXzL,Lofi
Dr5aF2Bm5u3XdbDV,Lofi
ufANWqDPV1lsr1y8,Ambient
A3EKTCtsGrHq8KSL,Country
BIXBf31mwJ0egXpm,R&B
RTADFzvMKVT0J3wU,Metal
e+mjH0MqL8tywKjH,R&B
QBNe+c1S++bxFjZ2,Funk
vN7dDobJrS2dPIa2,Rock
Bd8ufO7wOFegZXVz,EDM
YOl8ZuzKFK6s3MCm,EDM
BoKlLsoypdZ8cpbE,Metal
fhFXVLN6cC9hAG/w,Indie
C2WsBNDJBficHLVX,Indie
BVOEO3oTzmyvyINi,Metal
1jY5utSneT/q08HO,Metal
8W0colSuxXdngXER,Rock
ppN/yUaSloFW7Wr5,Indie
2URUhO86i1LH3SjV,Soul
892vizRxdnTuj4BL,Ambient
9SjFZsAlwfS0cw6x,Ambient
fQCFKS33nEeQ+vDp,Jazz
cCHLUGb0niA2D1sZ,HipHop
zuSSEohVn0dRLNug,Lofi
2BqWvP+udKzEf2WO,Country
tMcpTijClMs9y2ol,Rock
tMquA8k/eWi0+fHP,Rock
TeyZ5GmikzCBzjq/,Rock
MRFpMWVuv4UQMB6G,Ambient
6fDmVVBpPAIXwBe2,Soul
4VTSyQYE5/dfl0Wf,Funk
qDVei7Aa4rDucCMD,Metal
v0QVg82SiVoV2+p6,Blues
K5mG0iNjVuNmscKp,Indie
y8eCQ/zjQmSFS4nG,Lofi
fGbKPLkeCz1rUlZc,HipHop
rNuD41cK6koPwwnI,Disco
wHvOe4SjlBX2Rnsb,Blues
Fdejkl3EANTwrf1E,Country
D+Dgc6QdqisPosV4,Country
ggnh2X2xkNinixY4,Indie
r0s6Y90CQ2Jhsfhl,Country
XZ1U92TxtJHEC15r,Metal
v/0S9f5L/UEUzjTG,Soul
+nEls+oIwMhuV56A,Ambient
tEJdoI19ZTdM3kIu,Lofi
iLww1Fm510rUuSL2,Ambient
uIhvRwW9xIGPMB+z,Ambient
yy3TQMAPVEkyJk6r,Ambient
gGa3QSTsEISJB6GM,R&B
I+OObJ7V93s4UoK0,Lofi
xNSIPXbFSwBWxKEI,Country
zRSlP8BjMwTKlQBX,Metal
Jxfjy7RZ1lzU4HbP,Rock
FoW4YBn2UGKh9S2q,Ambient
bvF/FpKXRT3Wz/tU,Lofi
zmuZKiwf7X0v1KRV,Rock
XvMScPQCcUrMyGPN,Indie
Comjt3xA+kN5jSWq,EDM
1FOgVQv/bzmIW/i/,Blues
pgr6uBmKr2f18xQz,Metal
CWoTngcIbjUeIR4J,Metal
sbkkpf4ehMO/YQZf,Country
ZkVCazV/vuFMdGHX,Country
ig2zVpBeJULOP/jU,Ambient
zbcbsoWFDIzl847M,EDM
1oTjri+gGEK9WAWG,Soul
iViGkNJwiSpbDpRF,Classical
YXJn/M1vSYnFBRF0,Funk
zrTnQ/pfGZaQkSna,Ambient
Q0VHQEOmnr4j+YCD,Lofi
jmLBxC8I9GdVWzAP,Metal
50TfwQZGHVImP9Lz,Classical
egLfXixkUVwYC3OM,Jazz
IOI1Hb29LRrNKEZ5,Country
Jf7c8bExNKfBk1en,Soul
ZOqFomqYk9wiZwf7,Pop
J3VR/izld8+53/iL,Country
1ixO14eyGA4HK1BD,Indie
fMO7DxtPaNLfS8Uu,Metal
e79DGHJNGqVcNCez,Indie
oVbDCrOLwmBibPEC,Classical
nq74Ku5t+C3+v2KC,Indie
jrPFU2KkaC51irOD,HipHop
Zip4YDZz90Wwbge8,EDM
L5lp9gUNlLkTeZue,Jazz
iXvbPR/AxqeK6GBY,Rock
YSPv92KUW0uvcwEI,Pop
mZg3TpVi6/RmO4vH,Metal
fWBCZ9iXF9FG9NNa,Pop
qTp1Gz7MhB65JtWZ,Metal
+FX5wPJYk/r0kT2z,Rock
1Lnsi46200V5thLn,Pop
tM2aZN8khRCw7Ykz,Soul
BlQDrzKGq6/PKs6O,Lofi
hhNag+fCcwHGOwhm,Metal
t2eZKjn2FmpNK0cr,Disco
/0g0za+5ceHtbbtR,Lofi
W+w8XVHRSBguJ88K,Pop
zm1BHkSTYDl0xb75,Country
FnpA12+5WGGWVw3S,Soul
zbNzeFNAT//wrJLF,Ambient
RALq50C3NTn+JTc1,Metal
rueHWZIDMD8xyfJP,Disco
3HsQVP38Bf+fexiA,Indie
4u2lm0UavDA0Mwb8,Funk
YywQsZuABmeiWory,Metal
UndcdV/DM8z+5oO5,R&B
t2cMfemg6jNUN/Yr,HipHop
bMFZg3jqar2ceUft,Indie
Ed6cvYlxiSe9GzGK,Funk
XAc3MhqwN4ygvi1U,Jazz
kGJ5BmP4fZY9k2yu,Soul
ivvDCDaUurIXJFSh,Funk
ij7GviQR7fsziiEZ,Ambient
wHU08j59dzwC+Qqy,Soul
KUQYPXH/5v/FxzOI,Metal
lzy6jTxcXWCun+Qm,Blues
nHsuzSh5FRgGlGWs,Lofi
jIrES/Tu1tyPpHcg,HipHop
rLrpdqpd7AKuXRVr,Rock
zdlnD4LLI8QMDLRW,Ambient
E/Amcj4dq31jHSa8,HipHop
SGWZavz5Xf3ObPEj,Blues
pqo0E5xFToY/yQ3X,Blues
qow0H/Dsu1NCSy2h,Indie
nLIsmGnYj2cCciok,R&B
yOvZQkYZKUuTDAb/,EDM
Iyfa67sHS6tEz1g6,Indie
Y8pRoZnskhWab08Q,HipHop
qcC9PCrBi+llIWzT,Rock
pRVkiiclpKuVvrNA,Country
K8/E5vyUiACbfkIT,Country
g0Ya1/AZAohbD0RU,Lofi
309BVN/UvscK4Pi6,Metal
vrdGE0DqrFsaMYda,R&B
Zw+rPWvZacCua4Io,Pop
M5/Mg8XXelPY2SI/,Pop
nwwWZzTSo7hL2dfq,Blues
Jd5arAKhORTmIuf1,R&B
jKrn+IhA7cRZDYUs,Indie
on+5E1ZZNy1hVyn1,Pop
T3ZK/KwD4a4RDhFd,Country
31jVA5v+b69L6Jyu,Pop
gHjRh7w9xXgwdXgC,Metal
Qb6nat9TyALuB9Xx,Indie
lk/5Fun/E761oMC9,Metal
aO9ugXVCXXw+7HZg,Metal
YF3aQJysJ/gggs3U,Rock
JoIbC9h6f7il9gdx,Blues
wimpuPn1OFjuXte8,HipHop
lgvF6Oa2LWlptBY4,Rock
qD15LsLx5WUvUmuu,Pop
QGkeLdDvezb2KY8g,Pop
zwTqLgT6Lf1dD7kE,Indie
76wUDRZ/D1nUvDd9,Lofi
g2upBwKgT7Bml/8r,Blues
RsgyxdQ1OjPin6zh,Indie
6qnx1IapG3mIq1/l,Jazz
piXVSRNifkz9cDGP,HipHop
Ub3eGLs73A0yTAmc,Indie
UU5+I308RfouJJQ+,Country
rROezFyHci18RBpo,Metal
NX3Ofu65U3ncglX3,Jazz
xIm4uQMUMrJoExZY,Disco
z36Y4LFjosDYbOBq,R&B
Euv5dE9ywmm9UsHM,Pop
PXVnK3oi5bYTW1yw,Metal
JGvbI1PsR2TtXH/p,Indie
xhAx/6f7qM1TJf3M,R&B
eBD4DlXKvp9iXK+X,Metal
eMjoWTg0Ipo+b7ES,Soul
S0OqjF2EsWn7ZhzS,Metal
lV6H3u4ZsHMoeZLw,Metal
xYiB0vSt1an1EYlz,Country
d/IFP5SNGgB51rg1,Rock
kCsParkh8ozULkAB,R&B
f8PpLmFgGUXgheNj,HipHop
ZZdzTU329bSJ6H1p,Disco
HVJmUfBjLBssLuw3,Soul
5dHWAMF2vFCopQqY,Classical
n50wejx27dlOCYf7,Indie
iy4WlUD/AAHEFXNh,Lofi
yEvEKy/ZSNdKDhZQ,Ambient
FuNOBCS6ODve4pi9,Ambient
RJGBvz/HmDd69ie9,Lofi
/GMTdwb4mfRiPtOK,Rock
Yld785tNJvAj5Afo,Indie
HahJ68Yw8speC/0j,Jazz
R9J3K2kOoulaJV3S,EDM
txxrznTS7gWejCQP,Metal
Hu/IJK9Jd7vc8Rf0,Blues
lmCS3jgC3y06vhfF,Metal
UfbaHHqoqPaJzu97,Blues
Nw6J/8cB1maxCJAQ,Soul
Ap5tH9f/iYj2oSFE,Country
hO8KIFpWPgxYjsMD,Indie
15kcCxEWOg5CHdzk,Rock
P5KCUR2ZE+8nnkC/,Soul
N52jpNxH4dLGluC+,Jazz
XzgfSLA76mlNYprz,Disco
mgc7W3kqRTRnu9Vv,Metal
dpceNt96rqMzrx+K,R&B
H8K6OZ5Vfah0fD4h,Funk
XrOnGU97Zr2QmA66,Rock
7XZeQv2MnGOkaxBE,Blues
nB6p/qaEckEbrCvZ,Disco
sluBbdZC87M8Cw1s,Disco
jTFPBCRoaFOHgR4u,Indie
plEgIkwY/tlrmH0o,Rock
R1HdtxS7gOeJd5MJ,Blues
VKpqYUqyes6tjxUE,Classical
hP+QA7Utg9wBXGZY,Country
+qwW51FHaq+o+5MX,EDM
xGSQNnqHHptA6jF+,R&B
33AoUlSYAv8IagWb,Indie
MhucaUb+SmQsD2G3,Pop
wsiJgCcOu9BF/Hc4,Blues
7WRrSXrvDRQudKZH,Lofi
lnWBraGhSQDITUlI,Blues
1pATJaVfBxYdF+f3,Metal
wsrxx0FTJYflXDaj,Rock
fJGEdy4Ql85IVcqV,Pop
wlHH6faNjIhpjKt3,Funk
WDRRyYgFHfl4oL7c,Rock
cQjclmamzLIIQQH5,Pop
RI7wLUK17lVy20ag,R&B
642SJ90A06tmENJv,EDM
wnBgc+HNrRnJLI9A,Blues
+GtXjhQvNQPlqzhY,Pop
GxsRFDuv9wtLNKH+,Soul
cww51TxkMxxcefDm,Pop
wqpzt43YQQ5Ob4eF,Indie
SCHadBDJbvJle4Wu,Classical
lccI2pMNWK0w4q/6,Indie
xPP7KmHBKtWSunKB,Rock
PNlYV/pygvSoxsj+,EDM
w9GOxuCBVnl5xkLg,Jazz
C2dXW8A/I5aoy1z0,Soul
5Aq4FVuKmBQRVZ1Y,HipHop
BxDzF4G1wkNwAyai,Metal
FI/0WV1NK54oa5T+,Ambient
mfPoua/2E0e3EKyG,Blues
BxreFCQRe5pORxcx,Classical
hXhwFJ7d9tP/rIwO,Disco
W+XqekmH087F5cGu,Soul
V2EZdKy6qCg4T42g,R&B
envJy8NDTBr/GoTk,Indie
Aa31cLvPwsu/sBiP,Jazz
DO5g8IPONy4WB5ZN,Ambient
S10YhzzV/g4bdH7e,Soul
y3Wg3QFbIrxp07J1,Country
vs7RQW7UKXryYwDO,EDM
LIWqH68tuO2siNS7,Indie
yGnbCwD6AQAxmbGb,Jazz
AjbOnhqhXrnBtP0j,Rock
h3wYf8zHDCjvaXhq,Indie
8Huj+vHSNfZv9lKr,R&B
LUOziv6k5OvitoiP,Lofi
hm/lNy341C9BBX0y,Classical
Qrh8oFHOIp4AdAmD,Indie
Ff2n3zxxWozduWGB,Metal
nFzNlO8Q51KkmNa6,Lofi
ikQ9rOse9x8C/KQC,R&B
ZdSWMHJepNg1EkPk,Metal
XoKzMQ636k/tNLfa,R&B
8pR0juf1LQGqJ+Qm,Soul
qYU5I4we7E9Ypn/Y,Country
cTuLV7kWZBG9VYCg,Pop
G7xaSMi5JDxF56+X,Disco
W+mSuMwu72xAdR5F,Soul
N+USZR7xgpg43mCQ,Jazz
HyIWTDQInYg7eqOC,Classical
kLd9rxr8VqydYvKj,EDM
529y+O2Gc14X+6RT,Metal
pL800X37VZYHl7Q/,Country
BTQLEEiD2aVPFjHc,Pop
r1WqyK7/4SO2wYcL,EDM
Z/D7XHwf5t6npPsK,Lofi
9l5o1VRe6Wf4CxER,Classical
tFl0HZcQewZDpNNQ,Pop
pQHBOdD53HkY505O,Metal
5gjXwsu4I5VnxCzq,Disco
zvR5zLcbCHelYv4Y,Indie
gcEqp+VyF21TzW3k,Classical
9yBwnxax+NVXlWsG,Lofi
yVoDJi4BshGN84Y6,Jazz
truUmE/cO/eqCjwE,Metal
Z1JuiaFN3tUU8s59,Blues
CgPH1ZmusmjAi1Ib,Classical
ykSSji93x551IYM9,Ambient
2Va9G9JuCu5Z3auw,Indie
bI5q3Dv0OfFYTsBo,EDM
xwv+vrkY3CQnOzNQ,EDM
i5C4m3uPfIIi0ktA,R&B
u87BOj6uy3Z315D9,Blues
VR7yXkt+LYj9i5Zk,Rock
XOrNIjc9BvKHAdJ8,Ambient
WPn+RFa+A4qaTt20,Ambient
OencMcmppy8sfNcy,EDM
oiuJjpeEPjBE4F8H,Indie
KbxPSXM7KTat595F,Metal
IHBumTKXkyv8QZz/,Blues
To6+DBIBLFXBmJ0Y,Indie
tX8Y6aSpb6RIw0/A,Country
36LjCZ+JdzmEZBtj,Metal
ymcMv8eKizGba6nm,Ambient
YRYmG3HV033JtZNk,Classical
/nEVTS0vBQoga3Pu,Pop
naKb9FY/mKMea4mw,Classical
zuvNMB8Hghzx+GW0,EDM
S4we5b20GFhsKu20,Metal
DvoSd4pFs5pt8SZe,Pop
Q0KpPtRy73l8pvJq,Metal
1O5v64W1nUYBlECc,R&B
TYzg6bsDbLVMqdzg,Blues
xJSW1aEZ5PA0xF5z,Pop
0+bGs2egy4GkN6PT,Rock
WNYiskg3nQtAuDwK,R&B
zt6kOGNUhcEAJfno,Lofi
GR+3KkJmXXliWIQf,Metal
Ob5zSnp/fK3cMC02,R&B
Wnvuzn+ov2QlMbot,Disco
vqYIBEjfRn04Nnws,Disco
4QbUTTXz46mCnMcq,Pop
AnS81xnALd6u1OWz,Disco
7R43nVWorkVGF8+z,Indie
Gv6HrhABF7XknHVY,Rock
bjSr/IBqTvXYe7eY,Disco
b7y+P6IXXiNiEdTP,R&B
5FVsxJnq4Rtlyk2S,Indie
TShANwVbOB5o+I8y,Classical
YoVFNIqaOHzIV6iY,EDM
jXZmH2RCuLUWbtee,Jazz
rsDSL1Y4KSPwP1oD,Soul
DDZTt4jCFgKe/PzN,R&B
S3d5yNRkZMczQaz8,Lofi
Xr6cfe5FBwoBEdka,Classical
xV/qOsXvLO/Q8AN3,Metal
y9P+V7/ZMbNZv+cz,Metal
yi7Gm3kGCBJ6cL1w,R&B
H+bvTUKMLomnIOEq,Pop
tj30IbKjXd/0DtSX,Funk
2C7GoH6tCbvg07x7,Ambient
kitWJPAZ3TsGL9Vj,Ambient
T2QQz33sBlXd/lfF,Jazz
XxJnuMDW9xOxe21w,Jazz
+6K/Z7PnbfOiBPag,Rock
ZHaeMXJHjlATDFdu,Ambient
im4epGrEOMa8eJSs,R&B
dC9imeydq9zuYxvu,Lofi
ZUK5baBr4HjayWc6,Ambient
iG4qYKkpuoDy0OpA,Jazz
dXYwYzpsOCcYL83c,Rock
fTcSwVoTODQlKBMO,Lofi
1yZcELaKA892fOqU,Classical
V8NI6/xmCvo34k9k,Indie
CVo955f6D2ZFSxL8,Indie
WgJuyDQnWfjWZftI,Metal
iYQ+AA9DP/tPJGjh,Rock
7GcIh9Pz9UOZQE+S,R&B
NTE/3+G090wnVmYk,Country
w5iN8I7imJlKz+8a,Jazz
tixkjDN/iZlxw21j,Indie
sc8vYSk84ioZspcy,Rock
jvVLhrOWQaGSH5NM,Pop
78UlMPvQcmzN/Gql,R&B
cDuWi1WeTZEKaQxm,Funk
JAE4jlD+1I6IvwIT,Metal
197qrNTfQUnnKI5n,Country
CZv7pVvURZ3W4A8l,Indie
YdcV1hf9I3zWImIJ,Lofi
W7NKHJKbZAc8YTCO,Lofi
Wr/0vLqm7tSXGoUd,R&B
IhFDWpUZEBXVcOHZ,HipHop
3D3XFsu1mhf8BIAu,Indie
N4uUjOiAnFViywSr,Rock
I1Awyg6meNK8tU4H,EDM
XgeYy2abIMvd/G9L,Blues
NdsTL9egH9RJ8tD1,Jazz
QtboVtBAp6Wrkse4,EDM
4JhW6JHjHlNsSMrS,Rock
ni7Yjv/TdPSN/Kmz,Pop
Z0VCVLedzaqDtYuM,Country
TUiYgu7c8mRvXFkB,Pop
6OD9LHHZAF9cntJK,Metal
SrFaAsXkF9qyVOhe,Jazz
FjEP3DA5IUMMbd8p,Country
+0MBcR43GpanVuog,Lofi
3vs9ropAPIjpTzTB,Disco
Wat9bmprUkf6wHkL,Funk
wDfCSjCJxtiSufWC,Pop
5z3jiA2041YfqG91,R&B
Nt9doz6bnJFGiBty,Country
8GCN/nbdySOTnceh,R&B
0WUpjAKHOAYE2zah,Lofi
4XyyMY4FUb1DXz00,Lofi
nD3E4FCrnunVSCKB,R&B
BhenZk6PD5PruVsN,Disco
1K6XrkKAylmJBaB4,Jazz
fMqeOVaReZEfhuQ2,Pop
em54H+AlW+YE6qNJ,R&B
peLMXEm/n1jTFJ5n,Pop
OqjI6rHv4Wk1+ftt,Rock
uMrW+9bo1iZTe3R+,Rock
o4wlqv625nmlGnR2,EDM
a/Abk20sqOF3Cxgf,Indie
U843vAFTYJ7YEQt7,R&B
ZWnRR/jil8Y+c+eE,Country
3v86l+2twZECCzT+,Country
PMhMNBeJSLDz5bmH,R&B
Dlog8SZs7bhcc0fT,Disco
Itl1N9DzMtNOb4Zk,Metal
LdRjy2PrDjoE8mzu,Pop
92X94oQgIuMqItly,R&B
m92dx1z5FFarBFzT,Jazz
HiucjEEyX+T6mUBc,Ambient
bG//Y2OcAgfU76QR,Indie
WvF2rJu0QNL/QpzN,Soul
Uvh6eMHgSk7BFRba,Ambient
tdhH10pvT45zOIzB,Indie
tO7Jsu8Z1IJALE4o,Indie
hjgcbZOcOClipLqG,Soul
vCemkJa8GBsZraq0,Jazz
lNrNJPC+0yPyTNV8,Lofi
1z/ucQX/PG7OjfOI,Blues
HutxG41tFrSIxBC1,Classical
Lt1AfTaC52qwJ36o,EDM
EVx6djYzdiNDH0O3,Country
tdA7B7IjbJxKcL7P,Country
bDJmHWhHED8424Po,Classical
guP+3EiVA2hEte1+,Pop
7oY8bq6YlJZPNTKR,EDM
B8Aze88frjI+mRfp,Disco
JPN8/jMkoTVP69Yo,Ambient
c939tOori1NnXtVM,Soul
5kV6Laxe5pGmYY1F,Lofi
ZMKw60sO0SeXDtfK,EDM
7fg/VaWJdYDEO31X,EDM
doPK9nnhjcmSvGYT,Lofi
LMb0aKvxVw8EA6Y7,R&B
yrIoKscNPGCUNweP,Metal
1AXVT8C1GgwLDZFi,Ambient
kIMjrYeroCYLjgAd,Indie
tzyGmvM5nwXgO/Ej,Pop
aqJEzWbq47pF0dxU,Funk
Llo8SMwq5q9gRVAt,Blues
ySY/imT7f8/0RN7n,Soul
2NjYtA33NgYy/Xfu,Country
Luu945NX3PWAjJQ2,EDM
be0WBzICIZpQRgpi,Lofi
Uymyqr2bq8LPCH5d,Metal
R3alE5gdmXodU0Wd,Classical
iUlEZAgIBHe8xYnA,Lofi
e3QNAihEroUFlDhu,Indie
VIRUqcaAtIrAZU3C,Soul
JViWbRFozL1FmbSD,Blues
NV1N7fqLsAmEEbLu,Ambient
SFsUQoFxyqzxxDst,EDM
pYDLRGLf6ayoDx4+,Lofi
UhbVipa/AHMPldss,Ambient
noqAWfpih2K3J5Sr,Disco
6ivSfIpGvam7/4bo,Ambient
0RyPonZT7bGD8nOX,Country
vC49WAa/pIwxl8gt,Blues
E/xptLUdvudQHxi3,R&B
P3un5SiAfRNgPP/h,Disco
qPZwffPsgo9uw3t7,Rock
iQmJjhZIYsBPWo8L,Metal
RU92mBEMNO7PZZnr,Jazz
on7a9kg/QUczxIyD,Soul
Aaj/TlK3odOK6hpx,Indie
8CepRSeXSaKS24lv,Jazz
ZwUSLUojWIM1TNIJ,Pop
DpfZreU+6S2z1Y5H,Metal
THGIRp28I4uDUeJW,Funk
QfK+ad+Zg5KtOBPO,Disco
iTvw+DnJGEGp8SzO,Indie
lGsRTBCPtA5XGijh,Lofi
oaY24+MF2MgVMCJv,Indie
9DNxsk/PA1VtVi8K,Pop
CLPXafnmHdUdkXMU,Rock
yJeq2vZ0se7S7gWX,Rock
EmOWLGhZFyOB89Nx,R&B
S9m8nq/jrX9MmzHB,Pop
ZQLci2LK0DU7/8dW,Rock
wFVPvXtX2lqaKvoK,Blues
fEHgTJGApedfjomU,Lofi
MQYjI8il79LpWPuu,Metal
ygqbXRCVOD3nLNeY,Rock
VOqv3g5RruaL2cay,Funk
9Fy92BX5pupoVNTj,Pop
xlsLICiVtISyLfUv,Classical
e0QPnu5HEXBuhkua,Lofi
rCK2XT1eOSxYX7nZ,R&B
2O7wR5aEDTPLZZwF,Lofi
+Lco2QFksQQ9MalQ,HipHop
X3wFFRtA/TLcsfcY,Indie
5iuWfXp6QxMk8dP1,HipHop
nSIBDhhVx+dW4z/C,Ambient
LI7lBfuY3tNaGZPP,Lofi
8oikXEPePOEDaAq9,Metal
PKX/65m8P19g+lDi,Lofi
xDqqiSwlExO1tEyI,Metal
h/s1gdxZDFfTlGCb,Classical
AsMznwQvvWrx/wBu,Country
5L4had+lnCaqFtYE,Rock
am9gaUQkahNqbiYE,Blues
fNSrt635knE6ao3f,Jazz
MjHgtaX8CGmR91io,Funk
PU3U5Mr6quRMbzni,Indie
MZR1RjCOncKDu12w,Pop
5sIW7m6T4D1Uqgqu,Metal
UPX7ePQauSUwoGsL,Soul
DxJcXnDSNlCA/9Jj,Lofi
c6qrmhBD6UelusC7,Ambient
Dl48r7EVXhXttcV+,Blues
s6ZT7iec9wNFoSSI,Indie
KJfkQDnjikd5gFAb,Lofi
eS+NSK6/aiFXYHW9,Lofi
SBlL9BmYG+4DCCS/,Blues
0ePBnvG5K6kzlfcK,Indie
xYKWjmEVGh6PbL1h,Lofi
N19Rf8Qo87h/TaHY,Disco
v3aOHfY/jVNcmP1P,Country
Q4ZPBW2rC021xRkV,Disco
/lUYPYEtSRryDi0/,Jazz
STl5rYnxRi1YuSfe,Indie
9xdOCxHUuHocQ/Dh,Metal
ibZqcR1ddghfCk5I,Classical
RTVPRPSwBGRrPFwU,Lofi
39UqqfoWmV+t0qzU,Disco
hAUfQB1moCF735rB,Pop
FkwG4Ie08BoICw4r,Lofi
GXCEGP5DCD1GWRSl,R&B
ond5bIbHhuQ3jaow,Rock
1P80qlQxd2oYgNqe,Country
SL/uCDus9fpByaZO,Lofi
3yC3wabkWAP+7UBi,Pop
tjNQB+Oi9rkZ78Uv,Disco
CiBdSKqrlXi2QZ9z,Soul
I/uVuim/C035WVfx,EDM
yIyMMVE5qo+3pCqf,Lofi
ouHmZgfcTW0xPUZz,Classical
i2mUCFqddnj4sJwu,Pop
fpW66AeuS+UuBDtj,Lofi
5FShkfT7papvOXGz,Metal
pYu93gc4AZWXh+tI,HipHop
iSZhVYJ/mZ1Xms0B,Metal
vif410ZyPfjC3nZM,Jazz
ukeCfMD5rlyoh4RF,Country
gcbApX1knobtmuJs,Jazz
1yG2xvLuSm021dI7,Classical
lXKKTdcLsKx9r433,Metal
rCDr1gMd5hUz4ouy,Blues
xdJj3Jg3NsI8+BwJ,Rock
pumhlxiGznxG6nKa,Pop
CHuyiiMRC4jCO0tR,Disco
Fo59/OtsRsszigE9,Ambient
jbaxeNQXR1d7DDSG,Metal
U+xp5jXcA7yYpJ4Y,HipHop
py2aJy0ubu3EGsaG,Pop
OI9QTMC/Iw6HCPww,Blues
e3L8qz0dI8VzVvEC,Indie
tdo1q8YUyPXcffve,Country
PcsHQHXTxLJTq6G2,Indie
wcELVaNQUzDe8pXv,Disco
1C896D8kjWdYiweT,Ambient
Ekvr99VaCRdEQX43,Indie
fBBre6+h+++lOh8m,Lofi
YmfKrK5T/WzUZSP1,Indie
HrlKx440uyxNDyro,Pop
GzYnaKxNKIfOtGeM,Soul
9gnMaBK4uwlsSYf4,Rock
D9cdFOEZVcJ/2vJN,Soul
01JfOlwC2c9MoIEa,HipHop
TQ6BltWcpTWi4YFR,Blues
eB2bZghn0PM9VBWH,HipHop
rtkJfYM4PeXkn/Ov,Metal
RoWcmRod4hm0o/k3,Soul
9AnTcvWzDorEkf5+,Country
MgYXItK4H66XJWH8,Lofi
FblWsJc9+gagnHLP,Lofi
A+7c4TjaG7jytEiS,Country
oX/zOUqUx6ODRLqX,Lofi
0C3EFyDOXbNSpV3/,Lofi
Qzr1CFsDu0+oH8oH,Lofi
5BMXb6YkdJM4Umlq,Indie
nrtZoOnJH9SeVQWN,Jazz
l9YI2BhoBfC352A2,Pop
BYsP39J6uxuS9M0d,Pop
4aFtYCkv0rK6/nUa,Rock
fNKIy0mtXu5QKwdu,Pop
q+48kSTxvc1GS/pJ,HipHop
QAHoEuPkW8DP3F1E,Metal
5aMrMkI0GOdmFP9k,Lofi
+KrlGSf2BNJHgTVD,Disco
+S/nl6Ebd68Hu3dn,Metal
0W+uxuQBgjUI7r/M,Pop
w8q9RobzQ4aMiyVq,HipHop
ufPD2aCmokRcPECY,Blues
S2PAWWJPWXFWb4hD,Country
+pDkm18g4N1OD2mK,Lofi
LV0aDiLhyba6+tmo,Blues
pt+NylLKSIItE5mo,Funk
dKFmhVuDVyBah007,Metal
WtWF8H9lKvBVGxzK,Pop
ULru43gNrsVuwgMT,Metal
hxWsVGM5cdkOb8CC,Blues
B+xwdno2w7CtDoDJ,Disco
yL4tvJILOyQS8Ue4,Classical
NJKWFQyOcnI1LarP,Classical
ucjUgZk9s3UADF78,Jazz
Qp4LxOqj126dwPtv,Disco
JpduLDBL1gQmIIoT,Metal
5qkpllok3k13KQ4F,EDM
fTLqU7IqnzV09Dk+,EDM
h8WZEttdleDlwavd,Classical
fl85SsPH9pFtjWXp,R&B
kzxvUrEKS+Um5o55,Metal
iSZRlSu2az+IJmm/,Metal
qVMp9NL3SQAbat9v,Lofi
1YGRdTYiFy2y8dU9,Country
XDkjaw41TDJCGKsA,Blues
ToF+FwKqHZMNoRg+,Soul
BpLGmYLvILrr4HfG,R&B
QSTzaQUn2Ozbe/Fm,Metal
Uo2uHGQngYStdcpb,Soul
ky3Sms9nsYttufVi,Disco
wn1rnBZHsOkT3yc/,Pop
Vjbr8DkqmPW0R0xK,Ambient
eLn7KLX4gus4+GIM,Blues
ejHOheGAVj8skLB2,Rock
YbG9vD2nl/M+D2ac,Blues
54/uZZzCixCHNy5r,Country
3ylKDYxhxYAqldj3,Metal
dTrOdquv5CQqMjbo,Rock
V2NnqA+gqgCDwAoO,EDM
F+WUcnmjj6GzyviQ,EDM
p6VXXyf0Ju51hbiv,Country
jutIcqex96ignIHE,Pop
HLwJ9xcDGLPvW2Pu,EDM
6v2o0xvq70QJe3YZ,Pop
ws0x/nSv/XkvQq3H,EDM
srYAG8rrlNoc4xJV,Indie
Pq0tgtOOPyynfgIj,Pop
RkUeGbs/0HPGqtoe,Country
vaagwpvzkRgcdq1Z,Pop
cariYKwpRqHkhiAr,HipHop
3hB1tJxzJwOaFq4c,Metal
azhoIQbISvTBxDPv,Country
bSDfN/gTK6zbI0xH,Country
GERkqY8wbd/zl35E,Lofi
IgnTi+YLUYl4akxW,Soul
S8xece7reYP6bUSn,Funk
89Et7OuKSnErd+K8,EDM
47lQ/fecnt//P+Ts,Indie
r/j0FnpozUb66s1R,Disco
QB5ma2FMg8heomJv,Country
4sFKVj7kwFeP76xV,Funk
QEeha4OWLP2lnODb,Blues
vnuUAbV8An5joQ+U,Soul
5MyuXr60mDhTsfUD,Metal
BKsIho4zpXQ9AQvi,Rock
GPQpmixUEqEhV8KD,Country
hsOaAQvJzbf36GIk,Ambient
1XfWcDhA54QXADyM,Metal
KpMmae7g0/TfjQLS,Lofi
BU7ot5ZJBiROwtok,Lofi
5FZpsjQchsA3fojS,Jazz
/tC8jF3R1eQQUCWV,Indie
DhqWrm/L6Mq4ueMD,Pop
VY8CiHEUZb/BCCob,Pop
1vs+LF6a4ZTN6YKa,Classical
+MAa6Ti0iEyiWF9J,Soul
rIdVEEtdVcKTTH+b,Blues
7BLHBH0CJhqoKC2m,Lofi
ChdKO4v3NudrTf10,Country
RtVEgSX4JsxsdnIj,Pop
9uXNaN7TuvzNiMwl,EDM
7rCaouWVOBsEeiVk,Soul
l0/jo9PU5GaLIGYt,Country
YoZeBUl0prKKV7PF,Metal
nmaLSaVEKWVvlmSB,Metal
aJmxVpsPmiiVy1IP,R&B
e9s2ENmFFCaQJLhS,Country
HB8lUbvqTyINSnrH,R&B
rIeNPifWO26YnQoN,Blues
/0AgRHKjUpTRGxHn,Disco
UuwkjMZZubLuUKBH,Country
kNQJMmo9VHuYdNpD,Jazz
5mSGfM+qfrBMPNk0,Country
X4OL0Pg8xrXC7PSc,Blues
EtwU430KHSAslrH0,Blues
5O4UolW9NC5vkXXE,Disco
dXMsztToGGr79DKF,Pop
BfX05QS9clUG2UXJ,Country
Mm1K9FUZBmsPG/YQ,Lofi
x4ZOQUvH09OeHqjo,Metal
0z4ck8mGmoe4twrM,HipHop
DMCsnhWzkkfzHBGw,Soul
j7sjRFUPxOTtX/0N,Disco
JJ4fwSi1WoWzXDX9,Metal
h5DyxaXn8eg3C96i,Indie
migzZl5gvdbwNzdK,R&B
95efrTqOPf00jjhe,Pop
+wf43DvaaDOtjZEA,Indie
URoQCqEJ/qwDuII7,Pop
wasMgXD7ylOS4IV8,Jazz
KPqlGgo26sDvuHzv,Indie
ZhjZ0G4jxiqI9uaK,Country
WoazU5V5TXag7VrQ,HipHop
Y+jXsFo3dVcuFpNo,Indie
CCKgh7dYivFKPYYm,Ambient
bWW3mgFJN7daHCrX,Disco
GSNerGIdp8dAmTYy,Blues
yqnc+Q8NLN4K/sOP,Pop
QTd78D2pwMTP433h,Blues
T5AH8J4sxJBk/IHW,Blues
QruskDrZ5ro4tU49,Indie
X2IUp6vOJsu1okQt,Funk
B9XKtv+ju+ExzJLZ,Metal
KKPB49rL1AVZcSqx,Disco
8a8vVMrl8YiiUacs,Lofi
a49pmKrwS651TSm1,R&B
7ah0K1wV3U5NTYuU,Funk
JSnh88LptMZp4h04,Pop
sK7jDFgUZAGO5wYD,Blues
9pOg8adioMli+qNs,Country
9HEfGZsfXiTvE4NB,Ambient
P6LV7foq5zA/qmxT,Metal
37tYoj2kGWng6MOO,R&B
uL6T/imbA1OCRxuu,Classical
vEKhICSwYMKCYEhE,EDM
Su810SlMR7T3+O0S,Country
vE3xrJH4VpS/SKK8,Blues
6WZ67V+VED5qReEg,Metal
hw1FLeZJX1WHzvC/,R&B
n/XAoYafN/xdvxfm,Blues
/CFE61ExZSp48sFC,Country
mLeSbBynhhvZAuA0,R&B
vmTtdkzEMad4uA5x,Soul
D9dSEZrwNofbo49T,Country
SKYG1A3d+A+geXhV,R&B
aIo/6O7yyBaupKQK,Jazz
kifWB5MK1ncMsRV8,Soul
aXNSk26U91fSTwxI,Metal
gIk6rlkv+7235RYp,Rock
QllOYnZDCyhDVsE1,Disco
CzP4is1biCMZ2dc6,Rock
87jt/duTBId0kYM2,Pop
/6EcDPYJlfkJ/Wpe,Funk
rnKggi58W66WNfpu,Classical
tIunIihleEh3igGA,Country
/W4jW/1RdQc/72dW,Pop
+IejpTIsdH/4393B,Indie
m8lmb9uNQhdd9Lkv,Country
6uqdj76yuhDOD82t,Metal
dWCfyytUQnAIMzlm,HipHop
mw9P5VOD0dL23bFd,Metal
/ak8eBkT0oLGHEl9,Funk
ip2GTE4ywNV0ZDu3,Metal
Qo7vHBAbFgYqPN0A,Ambient
p2j2ynueic1CB5Kc,Classical
MEJTqguRzFfSMCBC,Classical
IcgBG9vJlq45ZjCT,HipHop
rvdduoc27mR1Gscw,Metal
OZBrvClKdJ9nkWZg,R&B
2vuk7VPKfJ6nqSiJ,Metal
KBAf3HYxBQiaPZKb,Indie
drIFSTohHL3eYGYB,R&B
RNPbUVuKUlx7fA5d,Country
qcF1bOxvvcYc4JJ8,Country
wNQkhhp2J5AXzWjZ,Funk
RC1i61dYXjRL1GaF,Ambient
EE/ALyqRRK9uKyA/,Metal
dmxXLqAXPYerr3Z3,Ambient
ijljOD8A8yziJoW4,Metal
Ge9pXREDk3Jl0F5R,Jazz
bO05jwIfQLq6p5h0,Country
tCqMyqp9OXr3dNwk,Jazz
n6wH4iAMYmNSoF6F,R&B
wrdQf2vW3GG6qeGH,Rock
vRRcDkBxzxfyqZVS,Jazz
vlZ7UqZQT5hN7vFj,Blues
7DEKOw2y31vOum8h,Lofi
TEfKYEgLDNJAGnUk,R&B
IIHPQrLfZ74QFB67,Classical
bGq7MIc3a8zYkb7d,R&B
ppfhkbnIZbPbDyMO,Country
KtBS98jEj5V0++AU,Metal
VHkc6CKC3/0tVSF3,Pop
WT2q3DSsn1cR2qTQ,Country
HYP2asRRYohEF58Z,Country
5tl25sq2VyiWMTzM,R&B
LZ3GYWZg/vhcKjvr,Pop
gs628rlcajAHWlf+,Lofi
/8IpHG/2u3OtiJiJ,HipHop
bIa/hoEOKlONPNys,Country
VhsBF4f8H4qk72sa,Pop
D83s14+Pcp3Kf4YX,Lofi
niuDmTlg4bvAdzyl,Indie
bFtU76d1Vj113d0w,Classical
QM8n+/t7ZGGbyYDq,Soul
dMoJChmvagtZfRyF,Rock
osc2kbWWsSsRp3nW,Funk
XcVQqn23EWQFV70q,Jazz
U8WZMGcQonUC9xwf,Lofi
a+NDPN1oXrGmuIss,EDM
9NHoIP9j6XoS10s0,Country
1FMt5pz9zNRP8yuR,Disco
bV+/etqhxUUPBp2+,Metal
/Sjq2cLziKq3/1lm,Metal
HUUjTFkoxn+8S5M3,Rock
sVwNgmQ5ikAMPwDB,Metal
0bXR8GOzu81pED3s,Disco
am26WoCIMrGjCIRw,Blues
v3tjmVaDJemNipEr,Country
c7Lwf8kyN9hlxV8+,Pop
izfnUOGlQdfotfl5,Lofi
SHH646VlIkbW+Z9D,R&B
SdAw8ig7qYevzwEP,Rock
9DLhhydfmkpMIqbJ,Country
m/cxyevPbiaXxAvO,Country
4atF1ND9ItqNVuCZ,Blues
oOLVE3Cx9Aay5oCn,Jazz
Dde/9TfEdSihWVj/,Blues
zC+Sx6PzQoDc/Vus,Ambient
XX+iQwihlTsIgJl3,Indie
Ss/Eg5GTQd4KqxZC,Metal
Vs7w0b9kzV4f13R2,Pop
hbItQjE0jegNNMEZ,Rock
OAXg5rfuIwzFiOm3,Ambient
gRlBJhlphtwZMacE,Lofi
nuUgrlAqzchA3HKN,Rock
QvvgCtPafgnQHq9n,Metal
U/eQFQZGrRqyAbsw,Soul
WjYe/4oezTSozm24,Pop
X9mWG67ehseo+hwl,Indie
0z+Nb3mmQgYzGEo6,Metal
CmXy34fa1MSbOEe0,EDM
Pe9eEpZnqst9H4cf,Country
jjkllNmVPHdNPGZx,HipHop
flU6J0pTAilE8Svu,Indie
sxJlJvndE3OEnolP,Country
FLajLqQ13QGBq7bJ,Disco
2NlnwQM7ar1NDYCp,Jazz
R7rJaZheh+OZ07bO,Jazz
uUneTsmZwkOiszcf,Metal
UdeI2BkEd4kc56Nh,EDM
h6x5ktKR3Ul7BeBP,R&B
v5ZXRCbCQy6vZ/KN,Pop
p2aoKK2nDdfcVwRI,Pop
0uAQEAf6ck7q0LXO,Soul
nKsIOM6rgkDBPDiP,Ambient
XC66pxlOWc3i4yod,R&B
TNjxSNOMHWRMVFTW,Ambient
Zx8r3ZpqoK+o5O4Q,Disco
LeaLsbVrZ/k9guzR,Metal
zi/nqLElBz5X834a,Blues
FzuiR512TSufsnBn,Jazz
ljGBc/CJbghxohFh,Metal
flVQQllNqPPU8tNN,Jazz
P4PH8pbXcrBcuoM8,Pop
SohQA4IpEBCb5JDM,Country
NV2QfHcV35OBfKkQ,Country
7Jyqckoi1LHdPJ6D,HipHop
IWj1bZ5Ed5hJc2+B,Disco
Quc0xNxdgoh8V+0+,Rock
Sra0uzth7EeZRzsk,Blues
vUer5kU0a4I+Bn/b,R&B
cNI0chDU5EgjD9N2,Indie
JffV2u7B21vh8WG1,HipHop
Hln7+sEFfflvIx6t,Rock
AwjdCczxKST9C8yx,Metal
LCXVC5wiar5RY82X,Soul
OOyRhcwWASTc4xon,Metal
1DOwZD//ZFbIaYD5,Ambient
Xh2cRSZC0QhEeqKG,Blues
fAZ1s0MXY66JjK05,Metal
637ugTKahVczB4No,Funk
be1abUfvVtumk2+a,Soul
8FPLKBzqa5G2KakS,Metal
2WsRq+Ukwx3cdMci,Metal
SH5vzT1DO/w4nVFm,Lofi
nKh9V+d/SG4kGmDa,Pop
dYccijr7Vhe0wdmz,R&B
LwCIGTrNiajBGEx+,Pop
0a5T9S5eLChwhSRs,Blues
3k+sODnLG4QfZK3n,Lofi
39gNJ+a2QorsFzyW,R&B
vQP1SJMeqjadzZZt,Rock
pOIU/y9gbiVta3Jo,EDM
kzLH+fSuITQRfYDd,Metal
eW6hpvUZkgrGmJzb,HipHop
3BC4p0gYtjPNHrtp,Classical
K8EqJflsvCwf8oFI,Lofi
4AW/bcl3ywkvtg8E,Disco
DAJV7yMgSjxEJR8h,Country
AdN1dRwoZeuv5HIo,Metal
lnShIRiCj5AVDpmx,Indie
9jZpTpdmz1kbE+V/,Blues
PNGvza7VwjQG/10b,Lofi
UEK28SK62DR0Sgh3,Metal
9+AEv7dAM/Ivcwno,Country
CQaqnSf3PRyhyQRV,Country
dUNlFnYMkQZQ9mTQ,Blues
B8dzVixm/xz7vz63,Metal
eCzIcYCMPKrp6a7s,Country
WWYCjBcYWGChkRCu,Country
x3zEV12EhQJl/oo0,Rock
kUH3hzvGpc082hfA,Funk
z9JqL6IJWkGe3d8A,Disco
n5CD46il5QdvI0vu,Pop
SjDBnkhSqEB5FVgl,Disco
9LF/yTnA/ZDcWOr0,Pop
reFJSggZX+UZFlBe,Rock
oPynI3YEORjxLIXb,Country
8pHW0ChxoJBgckRN,Disco
eoIL5NUcli9UB0Ir,Funk
yLwT26R+oevCxpOM,Blues
R02HHRxe9/rAtCwk,Indie
2cAsOJqRTw11HJkS,EDM
7AtK5jVKozy+UVNm,Disco
acDPiIvao3XK0k2g,Pop
UniTQU2TBZj0idx1,Blues
hGsSOCXl8H0d6AqW,EDM
fcLGq6wHCQdPvWJh,R&B
nsB1hap/ZrCNsg8/,Indie
Hbw1lWriZz1l0YVu,Blues
tmjkVoxtkzv/Elcm,Pop
pojtpEPblivNtK9h,Jazz
JFsJq1MjAsF/37ee,Rock
UAHQ8j9ZuMVRA2wH,Metal
MIkn4pGJTgxFs/j2,Ambient
MKbR94/r06KZZG5i,Metal
75lIXVhyN9i87iM1,Lofi
PmiNcLpIKEcs7Tz+,Classical
XDemr2VTVgQtVLjA,Rock
VbqpOJTL09w+JEr/,Rock
QvFcQLtpVI7gT8JV,Blues
As4kZwom3Qa7xlnb,Soul
+vnrb5IPFXFIGjKt,R&B
x6PveBMfSDSvCzTm,Classical
Vc2+GR0JK0Vz8wcC,Jazz
gkSUtBXvqTxUwQ8Q,Metal
fwEmKP8JFczEkBUb,Blues
zoYjMmFpUpGJRH1x,Metal
2UDHk3Y0dn6huHjW,Blues
t9eCYs9akwXIemtK,R&B
h3EpxnLVraxK0VsU,Metal
4Ojni8BvsMIHhbAI,Country
N3DiN24ZJgXYShFR,EDM
yEkBkA5YSH4Ippu0,Pop
cDbgNAr7k3lvHW5M,Metal
0RN21SIhoqlzQGML,Ambient
UXbfIraQZBCTAjAe,EDM
tAbxegkYfCTPunGp,Metal
OaL9wGCUy6c3GDhi,Soul
h8EzP/kZrgZFfFMy,Lofi
d60JJ6r7MN6bBf2O,Rock
0GgTapcfwmfS66QX,Pop
SNeu99oobG7IRi6W,Rock
qElAXpEcm3V0ZJ8/,Disco
WAh9VL2+Vmnwix3B,Indie
lc2n/WhByI/WnuEY,Country
foKzmAURLjS3WcuU,Ambient
VFJTQWMI0HkJ9jhD,Lofi
brv8vWm391iwt7Cu,Soul
7OJDEJwQRzbolbmE,Metal
DWvp0lJvWHNUKi9O,Blues
+YhirSenSE0iqidP,Blues
cPC8EjdIkmFIEf0n,Blues
PiklYgpwzf+SGqUK,Indie
IO2YXXEH01nPKs6u,Funk
J1ds4ysQP0H/3vZJ,EDM
lYnBH5deJjfyTOdU,Soul
A789muLExEbjS3gT,HipHop
Zw31rMaI7+8uFPfl,Classical
UZRf1cwYK8wHcZnn,Lofi
VQUtVeDne+Q0B86r,Metal
yb3KrhXfYTttVp9T,R&B
UqzPdaSGg0Sg5Tos,Country
g0tx+J+aJ/w5b0rS,Pop
2ftDwZ152XnBxS5D,EDM
JJOdKpZnxH79EQKN,Country
RN2AR64/9UEt5JDM,Rock
y0aYi93g0ICSM9ga,Country
SM/YCxCRIn+aBxww,Classical
7MXQ2POhbAJRfXPO,HipHop
OK+IcUmj+0SOVrKv,Metal
oii69Drixf6UBj25,Rock
V1SXqg7brrxfOhDm,Rock
t+Os4Rm+I0yYvuyz,Rock
UhLDPoswfPJ6tLpM,R&B
mtMO3GRdOcIEdKy6,Jazz
qV9kxcqYl6NWITi/,Metal
UCmOBmz6jNKB0L21,Country
F7ea4eE2yRu7X1Yg,R&B
skq52vE5OhvvTTu3,Rock
8u0ENzUnmpVQK2nh,Pop
gkw5EDOX64pxLQ9n,Pop
W/KiBf1ifweAFf/W,Metal
OlukNCMPySWPT4zK,Lofi
JcKCG+BfD8urLZAB,R&B
FzZ2uql/nYPceRPs,Blues
PN+a0hyHla2uI9xv,Blues
tPu6t8CBZ+1yim0Z,Disco
Nj2E7thCSssT58/q,Metal
QBQMXU4/r9ORB5ad,R&B
k/zZ5u5w2yLKLGGJ,Ambient
WC7Q34r0yeI/H/6/,Pop
kPgvi5CZX0sBoyeu,Pop
lPsPzZUkeaBkNQmf,Blues
x+HAEo6KbiGH4UBF,Soul
GYEBpZl7hQ9KsKfE,Blues
JLmW7zMkkBIU/Ij2,R&B
XYDvfOpcebRDvEUU,Country
Im5cUCOApLywj3zq,Soul
iZbVsQIPtQAuZqD1,Pop
FAgmHvieidA6KOm9,Jazz
Vo/HB6Gi6PLkXw4u,Funk
LOQdU+VWpD9Ja25D,HipHop
7nHFQ6foZqOEDu64,Metal
8xCOz8iUtaLnlY+j,Rock
zHma4j6dpWNUmpEp,Pop
k9Nhi//4cc2WUJkv,Country
MpEF6Ye6XGP2stWE,Blues
HnNSqJhc7kvpvJ2e,EDM
bwpfdCqu5nqOY2Wu,Ambient
1c11fwgEZ/98i8gf,Blues
L8f2NFivpwhf6V0k,Metal
w+hQ7E/+RfpqlUfS,Funk
WzQOxaRD6MJF1xQy,Rock
niXOY9NOas/FDF7t,Metal
WVj1fWe7S+VWvG+3,Lofi
0/mLGAq9/fVJxxU3,Disco
9lKAaEvm7ebi+6Gb,R&B
6Ap/VOImddbRwncY,Blues
R3VmSI5zqpBfo9KP,Jazz
kL9yGJBsCWYw9lui,Funk
4uWHeBcJT9NREFlk,Jazz
LXMTYUEPh3Ywlta/,Funk
SpII/GCA7pzZ7s/Q,Disco
8qobEk61MUgdP/Ub,Country
cjUIggebIFvjmghD,Ambient
PR1T8qk89llLex1b,Indie
C0f6QWpackFbG0Hb,EDM
8RZ8azxwo9q4Ghjo,Country
lL33uZH9zu2GJQSk,Indie
+C8xf1JvOYTTN1Mn,Classical
K2+AFyQlKXbZgE2a,Metal
lFjum3EmzakQmvO7,Pop
MoEQPNakCYJn5X7q,Disco
RDzHJpFyd8hmpG1D,Lofi
2CJUyZPctP0SbRcR,Pop
hv4OhzVu1YslXKWt,Ambient
HdzHYPP7DtTLyGe9,Jazz
aqRTPdlg0CbDSDqp,Pop
Ww2J5yeY+OltkN69,Metal
Yum3IKIxCK4ItVA3,Pop
9mEG8v6ZvEpAmkr3,Metal
H3qN4OTmAivN//VS,Disco
ZGhT81T75wx1ZYYX,Ambient
fnoiivQVQU3w3bts,R&B
S8eB2gBxbd/CDZtM,Metal
YsxZM2pb/+51McOz,Jazz
131rOKTrAx3opskO,Country
opUJk9iqgcn6e59G,Indie
WpmwIk5tMkJ1ih50,Soul
b0kpd1aep1+Xp/mu,Country
dbMqYK+IuD0pW6uR,Pop
gov/y8hPlicuzfjF,Indie
o8rsHcC6YNMF3FX9,R&B
zaENTtZZ/gUkaQJN,Jazz
u2H0w595U8AiZD8g,Rock
JWW03cQZ3vWwJmW3,Blues
JSZxDrVo4u5QIgGQ,Blues
KecX6me+ZUpD/BGR,Country
Jf1rKoTqrRuox40i,Disco
tolF3E+thaXOtFEF,R&B
eo1SjbxqK5wLJqlK,Disco
x69ILLnlDAQXf4u8,Soul
RWfq8JPF6XyRY46x,Disco
eUuQGMMWl6KMigtj,Disco
4QK9knEHjJOPkgyL,Lofi
6k/jHIbay5Mr6NPL,Indie
HcAW3oaLxnMi7H4U,Country
OTmk+jZL0FidFe7n,Rock
hlSfCY5Wn4QO1Vik,Indie
xaBZHmSrEiI+8kQL,Lofi
dNtm1O3FEErTmFFu,Indie
/0KxOudIUPwDRExs,Jazz
hDJOGPEDPqM5vT1j,Jazz
DzY0G1BucojudIcn,Lofi
MEyFfQ4O+TAmdSvP,Pop
o1KT91gMJPSzqUfi,Disco
O2j5VyYu7pwTH12M,Metal
qkw8tsgAHsc0BvD3,Jazz
RKILPe3kRAGldiBG,Indie
tMqQtC4vUMXUF6gq,Rock
gKS3ZL5L+hxQXSIy,Jazz
z1ODTerHZNPZ/AT3,Rock
jHJL/QcBz4nK6WYW,Rock
FNfaPV/0fCEBNtfX,Ambient
nPCQK4vHlkbJnQTp,Lofi
gqayA7LQNHWM6m4j,Classical
Zl7suI6TsXaXp1VP,R&B
xPa0ZwbBXDX+ewP3,Lofi
GsXoU9Pr+uII4cfy,Ambient
ITtK84yaE8V+c47t,Country
iF0OGAOE90YC//Gq,R&B
8OCRtHL6vEtb1tHV,Lofi
yeL9REHzfatDPp0G,Country
qsc7kM9Ncz5JfjYt,Ambient
yyut98U0qXbfHwuE,Indie
6VFdWpt6IFadthtz,R&B
+0ABJ8XmvNOTSwf4,Rock
YGp40bQhf/Il8ULz,Ambient
5U7OlnxnuJsJKF0P,Pop
b3wEnXAPoVWNJXk8,Jazz
nrrqm3nOkQlcgxYK,EDM
GoiQacE3Rf0Fl/9M,Disco
qKCdgoM55S7q2RDz,Funk
Er/B8O2KmfFaA/iD,Metal
3AVGsosOdwHvgFWz,Indie
lAv7YnMi3id0W5me,Ambient
V5lZqQVBaZoQ/F8g,Metal
X9K5i+ATqLAKOnAL,Lofi
XOzX8FFRnN6c1qkp,Lofi
6L55aKthFTa9/zzI,Metal
JnodvqWH1R+HYsqf,Indie
BllZnir+1fkvwmdQ,Country
P8eGy5OjOBwUEj7R,Rock
dNwkARhIjJQe5pzZ,Blues
ypzI+KfFNZ+455tx,Funk
yn82GqIL4JG8Rnrx,Disco
sMA9pK9wTnL15opU,Rock
C8qEW86uRoPFQZBL,Metal
sAm2ySOXDk+1rKNJ,Blues
l+ucsWuHh7rq41gl,Rock
ns0PSzvUqrsaORGH,Funk
1eAVzExFOycdSCYD,Soul
sAPGAgVviIJcEVwQ,HipHop
RswGwkFCQMK32sS2,R&B
BsYL95NFwx8xbKco,Ambient
Gau02gHHOipSAoPw,Soul
JvfufRWo6KHQxs7I,HipHop
IX9x/ba7Qw9ZGto7,Lofi
PSI0QWwL8N2PoHwP,Pop
1nm3zSFfKFjlm1qu,Soul
nPASW5b9eYoSO10v,Lofi
azBWqSDhXj/GcnGG,Disco
EuR17nxhzohu5oMX,Rock
1sWXippXBzndh297,Disco
hDNE6S6PHVn1RRdT,Indie
2XHJaNbnsZeFQ74a,Jazz
khN2bQledoSb42gU,Disco
T3qI6oKBtDo/WzQ+,HipHop
zhVhuaV6pcso24v3,Metal
qHo9pQogd/u+JGri,Rock
AeGoq/cQvoQIcB/A,Metal
bqC7IhQ1HH9vK0CQ,Jazz
lqgXQRBlC/olabWF,Rock
iGGEj7za4o6yusF9,Country
6wJ1hZOwMtZIbN9A,EDM
r2ih7fcKcOmaUYo3,Pop
IWQMox0B8tG5PJKz,Rock
XPkM9pVvwKdJxHe/,Metal
t6xR/FdPt+Ap49BM,Jazz
4mZcf1YmEkPhGr4N,Jazz
lIbHl89xIIxbASc1,Ambient
IYXnoOh9s8PaP8Kz,Metal
kMBMFLp4PzZOkxW2,Rock
EepiMvOefk4JxKZ+,Ambient
UqO6joXvFpCAab1G,Disco
ZgEOLXMV/dWmA9Pm,Indie
IUprds9uLsVYX7df,Lofi
bfaUIjoVapFxoWtb,Jazz
p0FP0/GcezTuf/GH,Blues
IJtIlQJYD7y0C+fA,Blues
B0ryIH5SootiNvyF,Metal
l9UAZqHSXbwyIfO3,Blues
xd1iiDHzBOJLA5Bs,Pop
Eor6AQCaFLuTjHbQ,Disco
ekKeSp7MBu6cZrIl,HipHop
dLA3CuW/ybaE5iMW,Blues
TBuYNcjWRGlmy9xu,Rock
TTa1mzZ+/pA3Nz+4,Pop
/UVCVcqeEziIIXSa,Funk
szB4CUOKq2NZcLhO,Rock
7uc89eDkGFHrv47R,Rock
YPKkhPB7KDQhB2Xf,Pop
FcHjyi6WVYG0zFP3,Funk
/CgzmyVxRzpKZOCQ,Blues
wOHkOQEyT4VHId6w,Blues
EUGG2sj+OMDqNDiD,Disco
1bDFOFXYih6gvVSA,Blues
ARRfOnthk9Z4//wz,Country
8lYtVhZ5xrGAmzHu,Metal
ELdL0XIPGgj5aJQK,Funk
xjqfAaqWyL7IV6m3,Lofi
k6HmaZC6NEdtmWKU,HipHop
1SgjC6qcUYZrYiAP,Indie
4lQ6L+o2LO+3R1/v,Country
1I3SBmPvaWs/64+s,Disco
vL8X3cBXpHWdHsEw,Disco
fT6CZlzLhwfOYTxZ,Pop
jvhpe7cyROv3WH41,Metal
hDb81NvAfLfpJ+Zr,Disco
Xum5yst0v5fi7j7f,Classical
Ihoot5y0VJ0XGQSq,Metal
YaqXtLWIyLNMnvj/,Metal
AlgnN8t+WrHLLx2h,Pop
H9SBY1Nyr6w4cHOb,Country
4dsU/SYvIruXh0E3,Rock
HG73Ive5G75QVweJ,Rock
2V0dJRlnLwqxwIel,Rock
oKJ5II79/WnDRnYR,Indie
nZQ2D4ulrTCMNK/2,Lofi
byV0/BES99sr9J6T,Rock
etomdCv+nObFe+Oy,R&B
Pkkqzs6eFNRHOWAL,Ambient
iLDdc36lF5JJ+8CK,Country
bUFjMDlRSO66DZ3T,Metal
22eAvKOkdrrxvWOm,R&B
wL6t6wmIp8b1PN35,Soul
Ez+Fg2vECg6Bp25l,Lofi
3+suIl80DvbpCFKS,Ambient
xVIwbi1cNLUaTSqS,Blues
eTd3OtHnHFBiMVrE,Soul
c0No5Uev6jMjZ01M,Metal
GtT9E3TBio0EZg2S,Rock
NYopcp3+CVUHWOhS,Pop
IP4fG7cuUX6M5cd/,Rock
88L4RQEJys0QdTkf,R&B
YX8YxoPv/K5ijd4c,Ambient
/84rA1R5qHPGSTwM,Metal
j4ue598d/j9wuHqB,Blues
sKqo40C2inOLiIdH,Rock
p5v1wbXJweSJ0WNN,Funk
jADXw8glcWDF6gt+,Ambient
581VOL9R57p2O3SW,Metal
7EE+uBGWyEFK7rn1,Country
IsmsDl5ZgLBFb26N,Pop
ZB8Evc8UIuAYFjP2,Jazz
Q7Q5v+2OpFkrE+Qm,Metal
cAOhQGEoR/ZgUUwT,R&B
vH3f3G1LmmrbfxXb,Country
Lf2vz+VgoiQpzzj7,Soul
RUVDZY4EV6O/j7t+,R&B
f2Idd0aLJjKFxUaF,Blues
86rYR3CXpinD0pbd,Metal
/WPSHKrmLvFSCN6D,Blues
qptMh4Cp8LqQacTh,EDM
B0shsfTTX766EgTG,Country
qSnEWLJTb2etl4cE,Disco
zRGxtx56Qfl3aeQZ,Ambient
ywSOdvz/srlEYKOy,Funk
5hWC5xK7E1mpIqER,EDM
6UUQRXb5eXLqu0ql,Ambient
O1ywKb7k2UgRlF3V,Pop
zWveg7I9PkEsdi4Z,Ambient
X2VW7oSEb8cPPkif,Disco
fWoH6LZ/8dmhPUS/,Disco
ICxMzfzqBnYd10vR,Disco
Sy913+CTVcZ8osyk,Ambient
GIRFN6p4IMW9mPeV,Jazz
bODDUshP0Crusoov,R&B
jY2T6XGRG31IQI4T,Rock
YcmwrT1Arod9GfAx,Lofi
/uhtRoSi9Q7dctaW,Indie
azQ3m9hzkuCt7srL,Funk
//oQeCz66wDzmC4/,Lofi
YJK75jBJYUjkq7Eu,Classical
PGvjD348AzKSkfk2,Metal
IucanJs+c1Zpzn0z,Indie
eYbbpigaHt5CYrar,R&B
WPGQFgEzy+4HVEQR,Country
Z4yEov+F5GvtI1Mw,R&B
0JUUHFNbNgtnpQLE,Indie
GXex8/QCdnhnfAwX,Pop
9GTXxPiGKEH4WdY4,Lofi
L1NTHWSOE1Vdo/W5,Indie
IGIRKRLHbRrbcLen,Jazz
7iGFX/FLNcm+zJve,HipHop
5crWG9QEuHx4V0Oi,Blues
2dI0qFN+mz/i7JjG,Country
kcI53Q5CjxwLbAq4,Jazz
RrZK2lzUzg0nLKRh,Lofi
QkI7+nUD4wDlAGcm,Country
1M0a6U9HNaSNpul+,Pop
WyHqacOpWBrKUeaI,Soul
mp0F/kYSQYcXBnlY,Jazz
W3MHQify+NnAZYyf,EDM
Y1g5KI2gGhLutA6V,Disco
iG2cYzYLYV2vbhJT,Jazz
Q9PsEDQWpGYCbsAk,Rock
PXwBhu7FV7r3VzPo,Disco
ohQzErUw6wLkgIXm,HipHop
t3Nq7AXaZkyWZHrH,Classical
HELc3k06Z3U9rIyL,Disco
b6342gPhv8QCxzfd,Rock
U8k71+wmH4wKFUX7,Soul
9N2aNI9G0HeQBveN,HipHop
WocncQaSrogOo5MI,Rock
o8/lTTKTFP/7HNnI,Indie
2OjRZDA7FyazqAkN,Pop
Z3Qx0KKOVDWIA98G,R&B
5gRAkpx1Uu4/Wbhf,Soul
uh4ajw7FfY+8ToS1,Blues
tQOWbKXMUIJIqijq,Funk
guUegzR4K2KJEFmP,Classical
8Ad2eRSOMwlAoVYY,Funk
FdXujNzfdgA9+Zlr,Funk
cRpkN3YIvVnbuyDm,Ambient
XuQWaeoDcor/yElZ,EDM
fEF6g8DqeSUwD592,Country
Gpao16O5WlY0Ybdj,HipHop
rHsq9cHohLw8GCrF,Metal
Z36zJQI6JeTxy3Xk,Indie
bASTANdG5JtS3WfL,Indie
Nc6rZWmWSXCEIeOx,Disco
bS+QT+p1MEr5j8Kz,Metal
Tz5XA8nChE3TQz9/,EDM
cV3OwdLgu2fWGWkj,Rock
0ijlZMHKQSZX8+bM,Blues
orB+7vXfifw+Idz9,Rock
9WmhxrabPU4DCyJL,Indie
NQvPJrxDe3VzD52L,Jazz
wZPxK3OfHtZnR7Xn,Metal
yY5xjqNGyV8DsI/t,Jazz
MAwZkmBuCxwEW4qd,Metal
+0DGXsz93Dcf1qKb,EDM
v6dPCePdYdlXDrpU,Indie
DZQewtRQM1yXMI6i,Metal
pFNSuydtZjwiKSlG,R&B
T3pHfDLv2CpEhxtz,EDM
yYEIFndda9b9Fs9n,Funk
jtFP643FNemdEpC4,Blues
IRhcyvpEZZWPZ4Eo,Metal
0erOyJXjheddkX6M,Country
dGykKoKgBx3OadJQ,Country
YJq3nI/ml4BAUhUh,Rock
/8o8kKpUnI6R0FB3,Pop
iwMAKmckqX6yvmdV,R&B
kUOSdxgo8UQBaTBr,Metal
1nzObb2vOkdAdeaa,Indie
9ZiniEdt5h6MKdqI,Ambient
UtBrVe8wItueiPux,Disco
t6J36MKR95snwJ5l,HipHop
2IUAMX1ZsyMUkRTB,R&B
lhUUYVErbZorNpTU,Metal
/jeJun1/Qiyshc0N,Disco
qbxmrkgCsrOOVcH0,Ambient
Tfdand33bV6Z0i2e,Country
gszqEHl/Arb5yVDj,Jazz
F9Fw+vNxRAmi6Enu,HipHop
Ms/45/bHZW4cjWTE,Indie
/9S6wR4pKWY9B3tH,Jazz
w6Q0CTbrUfMkHMAp,Classical
gksn2xALGxdSUYJa,Blues
4MDEhHk+sTm++BU6,Disco
RM+AnRhhCWJcFCYI,Blues
JR99jIpRALfD3+b9,Disco
7vYrMFN1AOuCs9R4,Disco
beKVQHxu49bHRDS8,EDM
Ay/JxVAM6jSZS8Ws,Blues
aFXQJIVnrb3J6L6W,R&B
Mo2yMt8Ifywxs2ox,Soul
0xOUb8K5+4m6iHOO,Disco
Fwkv269VjuWNihWW,R&B
TffvRT1gd8p0+UVG,Rock
RaKRLXMtZ4rascWV,Ambient
7Fug8JHgmMC3G5SI,R&B
oM0GijMGyUG36pKf,Soul
TkeugSus9KfO+86b,Metal
FguxYuP21s3IaTxT,Classical
67w+k9Zag7EnMzFF,Indie
xRS56ucZvp0HI/7F,Indie
iEFDgtBizJfPGhu0,Blues
OS5Abw9sR8MKEcoR,Metal
MKbiVBY0sTdH6TbZ,Country
pqs12cGK9UYgK2Vp,R&B
RE2UXe/iUldiGhvD,Lofi
LIpDqE64PZ/NBy+y,R&B
8OFb7uprW2I6L8yP,Blues
rYnkDz3PQoI3S2cq,Jazz
GsV/k9P1L5Ub3tbb,Lofi
b/Y1s0yLrTQVw2gn,Pop
hL8WCVs6HQe5WUFN,Disco
Pym1jrVwCF1xx4cw,Metal
2MlTSHYO2AJhi/XE,Soul
R+e/ae6m38niwUZ2,Pop
8gkpBA60wPgg52wR,Pop
FRSfox0l836zswNe,R&B
Pc/aiS7VoYoekwL4,Rock
dS5uHO4VvBq3XThJ,Rock
BAbj1xhaqSaPEQUk,Disco
yqABTcyGO9NKtt/1,Lofi
KhUXoBe6VcLIUbhB,Country
oPxWEAuRRrUX7Pva,Rock
bhh+nFSKZJZCDR5q,Blues
IjQ6Fpvp0WC+F2AM,Jazz
uusWP6E72IdWCtWY,Metal
YEFwJtIqm3gqY91K,Ambient
ZT/M9AYnavokAm4V,Rock
sKSfee0earME2xq1,R&B
XxvcQwsu62MmHdC2,Indie
/I8yLLtCKdUBP/MF,Disco
JYwkxY7Q1deYZXGj,Ambient
7EtCnOverRzE9Scz,Ambient
F7L7WKOuo5+16jIn,Pop
iHXcAX4OdmlId1Z2,Indie
W+0WWX76s7CHHxSg,Jazz
p/gS7Hq8pXIi2sww,Disco
nq0080jheQrmz8ps,HipHop
PNYF8Wvl/B7iTEnw,R&B
79QyeyOk2YlLUfcp,R&B
KRItMWN3Ov6h3p7L,Metal
p/utPXSZdjbTfbRO,Pop
OjC4AOdhrY5qH0wd,R&B
4NeFX/mA120Bs+os,Metal
Yb5xa5U8mKr0y5iE,Pop
FfaArCuVOx4kzXWs,Disco
NK168kEPnfLtRTqJ,Country
tFdmbur3tfYe5NDw,Jazz
IbpuD6ABGi7BbpHP,Rock
LNGtR2b991vlLHtI,Lofi
snDsKN9DxOEhJ/+e,Disco
cI4FLZ7yYxTE3R1e,Lofi
BDTs2TW6rTOVhhvJ,Metal
qSwc8dBxr1jOFu9r,Funk
VqxQUVT5SmDxI2TP,Metal
x6k3Rpcs3avYfIcu,Indie
VLSqTPMoJ1+h9DMM,Classical
RTZDFG9dN5YFLZ2i,HipHop
khQ7Vr5Qz3/WMdm6,Lofi
9grcnBFWICSAxbmp,Disco
Zjr/MmEnZC9jooOU,Country
yzZTaBeDm+0rSeto,Blues
JsWt0PUYebO6PDQn,R&B
a/GmMfJ/fp1xsBUU,Soul
oiYWDeZlq4TNWSfP,Pop
uTprHGqq1fgmdtXg,Metal
Ggl9G4iV4T62WxZx,Pop
Xbi/Z0TEz7X5an/9,Classical
8va6lPPIy5VSGfTD,Country
Yj/R0EgKMZAUrEpE,Metal
xjTm17DtumSXd/Fv,Metal
0d/x2cLaYmY9OHCL,Pop
FJjwcj1YBPcbX0vG,Lofi
dhCqSf+X+wAAmnZI,Jazz
Sgr+IO+/Y4VGWA/+,Disco
TgzXgLaNY06ledPI,Lofi
dFcc4NulabvC4MxQ,Blues
rJHZYl7RF1iMBI4T,Funk
OlaP7c54YR/8g+Y5,Ambient
KmR/HE6jcQC2sNB7,Country
nQy5Ll31FWJqfxEc,Metal
yiCskeRNhuG5BVT2,Rock
MGK903XMWEisv0YL,Indie
OhUhob/tagIpFcQg,Metal
WH95Uc799rB8uksb,Metal
r9PBWodT9/zEx3Lm,Metal
sxM36PrcT5MHkPG6,Blues
9oUFddmkGgyWVrVI,Blues
nZ+GZb8Plll0vjJG,Classical
IzZYKX88grTa1j8v,Funk
zwxaDbqbDPXb1oDD,R&B
u0Ilie5YQcjZTpz5,EDM
hdf8yB/DamENrYEV,Pop
CIYKb/2ngNiWYMwY,Disco
d5x0rzjNx5BxnEuF,Classical
yYGiI444rh8toZWI,EDM
4ltvLMxYVC51wKX0,Metal
29ZBnsk+5msboT5e,Indie
mtr+WJ1ils/i33RK,Pop
o+otBqK+0gn6uL+r,Indie
Ny5UXQIf1cfTaLsa,Classical
6PCXzUxajOM5S6L1,Jazz
zYvdGLiaK6xoU7dH,Disco
NRqSkAE0uri3NS6a,Metal
396TEvGMFfCU4VwD,Lofi
2oJQeWgbokM3OZqV,Ambient
rktSCHMjhoMohyQr,Pop
ke6AF7xq4hDOzgGF,Ambient
TFIuKU7+mTnQ4Dr3,R&B
OgF6cad5ZRQpOjhL,R&B
8rj4/a7bZfV3o7zY,Disco
FBNKIQA64ZW/iABk,Jazz
suPRrjIJ0OOn+i1O,Indie
xKjwbF8Guv4ZPaxw,Rock
M+5MbhccjY+KsoZ3,Blues
Pa6z7AFXFHV1Xnud,Lofi
E++YP5ExjkwmZqFy,Lofi
o/EO/HIyEmBQtsG6,R&B
kzhc20F6RFRVS6YY,Ambient
X3T0VmC2jf//29m8,R&B
ZY9yIlq6HL6EFv9K,Ambient
cfXpP4TI8vTU6Vey,R&B
Kw7okT9NzT6Z6Gfx,Metal
qwv4OV0FAH+4km8E,Pop
moM8Zu09S8rLGDzB,Indie
NglODqsXQJLqw5Px,Indie
d76AdD0TTFlUGIbs,Indie
7+RbP3pJxbNo20P5,Ambient
vpCUVF6BkTAGwsXV,Lofi
sxxktdM6rn8OW4LE,Funk
6iQ3j24ttwT6gzNc,Funk
VtIltZpLwRgVB6G+,EDM
6o/T96tdwJ880fZW,Funk
q6mLoJfDip59IvGx,HipHop
snwg4836EJmZ71UB,EDM
B46FrKgX2TTcLHU3,Pop
b5KO/hln20ibFefc,EDM
Jcosb0IztG8/KPF4,Metal
yIVfCe+p+UGbzi/p,Ambient
2f2x1jd7vwUnp/v1,Pop
LF2uIne3OfDgS9iJ,Country
PL66MK2do5fLaWZz,Funk
oFToijoBFHe0rZqn,Rock
6sbhmcWzhnmrYqFr,Blues
D5yGga7zR96Y7FMW,HipHop
EWi6cuY4da+L4mlN,Jazz
eNfNlLl2gB5SU6IT,Blues
T3trNpL9xKnzaL57,Disco
fCSBjuEyu+wKkudT,EDM
ub1TuThPgVAh3JPW,Country
JFYBTFRr+cnfbMwc,Country
C0v/J7YxiYfF5TvK,Funk
XWwou857Ds9ACKMp,HipHop
xFEqO/KNpn448ULf,Metal
vYgmtVkMy8Z2f+9L,Indie
VSDAs0vRY7/blMAs,Indie
wIinrVPwSIGA0Ru/,HipHop
W5jV3WQGgRTX16pL,Soul
gAgr5CPs4dwXkiIj,Country
6tsu/7sipgqhuOik,Lofi
/TUcNPK4QtlCG95F,Lofi
Inunn9QdrhQHxdPa,Country
I2/BFGTNkZFlv1jf,Indie
N+OurU2DVJtvM4P5,R&B
xhBgZ+qXpjT+xDeX,Blues
gvUfUljspHNqkb8Z,Metal
N6bsSzSPk9GiXnxj,Metal
2a88vWdBzB3PgfcL,Rock
yr8Qi/UsmkbzfQdm,Rock
PWHU8wfjPwFugyPH,Pop
fLQ2/BvtbTyxduw4,Lofi
YzqVSRLKtgz7yS0O,Country
ArFDgtylLwpTbxJF,Metal
YrQkgk2HgrJWSRND,Blues
MKnrmZKwON60l9sq,Country
NlfiyBwCOjzgRqxv,R&B
3k2a4Am1chvDqbA6,Metal
dMjrrGkawqW1Z2N6,Jazz
PUHx1UUBBA9zkyDd,Jazz
KNlm3YuaDHJMA/EQ,Metal
RPkbdGYPE7nQ5ckh,Lofi
hMK6FECYPJHNZO+r,Lofi
oOCl2GTUfkymsQ2Q,Soul
kbhPO9sHLQFxMzia,Pop
rBr9jS9+7a+35m7b,Metal
MAmdIVWnlIUfzQqV,Indie
+3gVknHseFq2YmoJ,R&B
1Xci/aB8+uJYvZt9,Lofi
i11pbCWfzk1v71lm,Rock
npALSf36VGZx62Be,R&B
AFlHHjViVuT2aqLj,Blues
7XegAs1GnipvMkx8,Country
+0l2wTwCDJRCFy8O,Indie
MKq8VAVbngRvhEhy,Funk
zidowol7omDHC9/E,Blues
ReuNAkTmxhPNCkbl,Ambient
lIzMVLtK2q4TMioq,Metal
CQ7Tx3Z4xU/jaUbM,Jazz
JXYIyqijhAqUgUb0,Soul
HBO2RGaexenTwXqt,Country
wV6f0eewqDxR3H7V,HipHop
H/pMyVmdips5GmLP,Metal
NSsOwRryhOyVvNct,Indie
CuRK+MsKTQ+aWqgR,R&B
byP1bVtYGE9yqjFl,Pop
dEOZcXUp3/RH6h4Y,Ambient
PfrodJAjuToeJ+Zg,R&B
ZUVD8Md04zTmPQtr,Disco
zubDfhdVSEb8mzOd,Disco
2I8MeRSdLfNqcGu9,Disco
GpHBaQ2hWjSgGgXf,EDM
eqeH/un9WeVToS6i,Country
7jvR8NvvP77/FCu/,HipHop
PinPlPszF9SkRSYt,Rock
0lhRMZl+F4iG5NNI,Pop
rxaBd5GgjbI03Iqr,R&B
hkiMZ/QgyeYQyflk,Metal
KxRE9jGQoY3trSCo,R&B
1/pzwhRaCzv9RNiP,Metal
zpxyBkXWadSLEjOg,Soul
03EiZ/XH/XZeFL+Q,Lofi
JNtQR2oNQ+x1yBVg,Metal
nqRKNEiGRGvFUKI2,Funk
vyyGA3wh38B0xrF8,R&B
BkR2jtltlNnl9xQM,Blues
mt8ahKsQk/0b4Kd8,Jazz
KtgHoT4p1IfOFnHE,Metal
rbW3U3plIOn6GK7I,Jazz
QZ1xxQH5OlDrh9E6,Funk
2ix2KojgxTqak1pj,Metal
YmG9rSCN7f0tkWyn,Metal
MwllvI9RMbwZK9WK,Metal
l7HHBwihJeXuPaeS,Pop
R+l1Wsb9bpDUc6Cl,Indie
zj9jy9Hu1vLsJvWV,Jazz
v+CnVjBP6dP0p6tP,Ambient
Gy+xvRUYSa5BlphM,EDM
xh25s009rk69QsfO,Indie
8z7y7zAExTILfkPi,Soul
NhY2Ff9pW0rrGGP6,EDM
kPgMiXbNw7WDueb4,Rock
K6dZAeme9xrYmYCS,Disco
09Ff9FOdxi0YciHj,Metal
OEJ6KvKB6NCEJODl,Rock
pYAqnE2bmsUffr8z,Ambient
x2GLCT1JhaelzOK/,Funk
5/ZdN1bVEwes1NwG,Indie
VoTuCw06iQQ5X+I9,EDM
tfxz8pzsDT+6jtCt,Pop
BvYNNAlHg8W97+PI,Lofi
qIpQcQN18My2DX9o,Metal
QuiNq7EPLfKCOAkw,Blues
JWoSPgETHujDOvN5,Metal
afCNJYtsgA3cuOKt,Pop
MLIeT1JzdcUP9POP,Country
edLBOQKp8dvIXOOI,Pop
OU7w6QxyPNJN2IsX,Ambient
i8YmA7cDDGSpAvFG,Rock
3InbYv19PyYsHU51,Rock
iv+1kTNW6suA+0/+,Rock
ph0Zb1N6SYGI8y+4,Jazz
3MozGb5L+dSMZtpM,Blues
Wj/zLVkTBhQNd9oX,Blues
NpIfj+ZnA3yfWnpc,Pop
L2PbpCPBcdPMSOyq,Metal
kWD+3QaknW8olnc+,Funk
UVY3XpMSurkzQRaE,R&B
kV8V4/N4J5tOIWOC,Lofi
4pe7YYkUIak+PxC3,Ambient
l8qbfdjdZxpUhvS3,R&B
WvVy3OTb8E2F0HEM,Lofi
JBIAAKOncrmmd/Rr,R&B
nEgYsukDXNK3G/SL,Indie
XYzRYF+JroiftDTS,Metal
0ohF9h0rRhYhwiYW,Disco
EQ9oIaKzdaqi/jTV,Indie
lVRAqS2JX75WwQzK,R&B
hejcZhuqdl8AdWZ3,Disco
6wW8Gmv1nTjNYeAX,Lofi
FhKXRqC5R5NRu2er,Ambient
WpBNQCAuEkcfx/H3,Lofi
/lIY5PmFUDikjB1j,Lofi
p+Jemuyen1vs0C6d,Lofi
Kh4vX8So1ZiBgGry,Metal
q5pO+GzMqfVahqj+,EDM
C7sPDyYtGmLF98hh,EDM
H1qvq2nbMQAgnG4N,R&B
klTCmkfCAJge/Uaf,Pop
XQNVjsc6EHzLxpBD,Country
ez3DvQCti/QSyZhO,Soul
UO2Roz1H7YQy0XQR,EDM
hIdsTBG009Sxo+bs,Rock
EftyMBGaRzSKpbDS,R&B
sAALZ54GvH8LGATa,Blues
gQQXCvmU7lpNq3ug,Indie
gQ142/KGheXqrkQC,Lofi
AW2Gt9yKQy3EIEaN,Lofi
fzQDjVHh9cr+42SF,Disco
KwOpU59Ne7BycVpH,Rock
GxRgYvBjDxGGlpgr,Ambient
Pd9SlLe/jESPAUWf,Soul
KGxE/zlxpG96vnzI,Jazz
GOTUf8bfRZjOzHfP,Country
M4/RaglCkgUxdscW,Soul
OMNsecYVx7Vx9l8C,HipHop
XSQ7fbOYl434ApK5,Soul
PSboqtXrs574ruuA,Country
r7Oz7fO+T9HB4wwT,Rock
jnUuypEjE6PK4spr,Disco
/vKVmOtw8tEKlef/,R&B
z+JpGvlbR1w9IFUb,Metal
XWuiXO1zKqmVbJId,Metal
AcvAMVQRmdjBiS4g,Ambient
zdD2re2Awz/u0tW1,Pop
ap36iBCPOv8wUcd0,Jazz
vQB35IzIFsFZXLU8,Soul
fOEgNNJ1+28hE8LA,Lofi
1quCIUV0vgYkdVE9,Lofi
3L6VbDxGae9nT1hT,Metal
x18Udn6Hg5LYGzWc,Disco
y+HqQ0Vg4QMaqcV6,Metal
jIc2zH3c+Eln0Rrl,Funk
wW37C2GEhCpSgaBa,Rock
mD5gb3Mx9r9hBwMj,Metal
DN5JZ9+dmhsj9JER,EDM
o+macClJ6yciL8a1,R&B
JDhGwlsnut/RMnHJ,Classical
7jXYqyJR5TDwABxx,Ambient
gvnwDvNgEbO2QfGF,Ambient
d2F/yPRL1OuqfDee,Indie
j3Dhi+vyY9FKAOeg,Blues
wRZlLSZLznZ4NDN1,Metal
3kZ0LHsba8yte7oP,Pop
AKEboWaK4oTVNfwg,R&B
1ytDnhCNZsZRD7w7,Indie
VKKsvW0EvJBtGUv4,Metal
CHGa+exB1+GeeNVz,Lofi
wYaAbvZWwj5rYpH9,Metal
opkwBVzZQ1m//hgL,Soul
jQJY7/rWikjXVufZ,Lofi
E2GzCAvSHCbw2bsW,Rock
DSxGFf7GOigtiop2,R&B
5ukktNsFdLnTVFoa,Country
QBKsTodYsrsdskVv,HipHop
XEy9BhU9DKIrNXqX,Funk
UyYgjio8BTcNxxXW,Soul
9oOtU+JQIqoy1qx1,Blues
OgHxHnH/fx8D5cyM,Pop
HJTm+A3iylu+2Mql,Indie
Xy8e+Pd3X9Rr+nKm,Country
ASGznXVwB72jZvmP,Metal
6mn8oOpW5HjpPX0g,Pop
II50rbK6GdpeXWk/,Ambient
oqa9F2eDUeIjXCXI,Indie
v1R+HJDxH+UqmFBs,Country
DwEgsmI1cMBVDWF/,Ambient
goZHJPLPj98Kj39u,Blues
PlDjWLUwsbbasf2z,Pop
TKekRIG1ZqdE3Svk,HipHop
8RxmhJc/uTWvbYCf,Ambient
IexRaGo+lSDN/zSx,Indie
hskyreKyNMNXy/RM,Jazz
SZWzDW8y7H9wkJq7,Rock
Rb6gMTUN5Kw3nQeC,Rock
LZj6zhM8QRZ4UbzZ,Country
NrKWZoC+5oPzGyNN,Pop
fs9g6UZep45eVkdQ,Disco
DIUt0wzgrElYJSAe,Disco
N01pJusBbyYdAOSq,Blues
R3B3BgIK4xfvfq+j,Rock
al8+irsoulNh2GMW,EDM
CIBXAPP20ygYOC56,R&B
JGJ7C5IfukfmhHQw,Ambient
YiyqDbCMS7TGb8k+,R&B
XuSTE9Srmb3ohv/w,R&B
KM8S8Xb3io39Nzal,Ambient
3pZ7Z4GSDgbk6BeH,Ambient
dxULBs6XVxkS/4Up,Soul
uP8K/I3N8vNqpOcO,Metal
YYdIMnCti0XxOrc0,Lofi
QfHLFMUSLlYHHojc,Rock
EmBXBCYrO5szmocp,Rock
eBr5fTMP+U7gnPSn,Metal
Czfz64dMrz511sGe,Indie
PAdWgcU+uouEUImh,Jazz
+LgSWbPX2MOvOOZn,HipHop
nSbQKZsAe+CAsbjt,R&B
9xJLg56WVoBKIVDd,Metal
T+DUJFQey+2RDi8A,Rock
/olGoMoe8wmZutWG,Soul
U2TTzlWJKmNiDsrl,Pop
GJtcyzHTYGMcwUpM,Metal
GC/zd2fUF71YoJQl,Ambient
3MScR0/xzLpdwCWH,Pop
GDfwvwIzw7dXV3R2,HipHop
gzAYSB7Kp2g0sF9Y,R&B
q8n1LN8bMxdGSJm/,Lofi
8kjuyL79VgK4/Dey,Rock
NEKs28/+EB9LuZ4y,R&B
Mdu22cIGkPpKQE2z,Indie
qVCLx6TfkcFQAIlS,Jazz
W4Qpqw4fFe5Jq/Pz,EDM
1jya0akhi3ZrswSE,Rock
7S+yccuhpd3UPq2i,Pop
x17Ps6Z6tWS0Sw4T,Ambient
K1s5bprOB+JMuQQw,Pop
H2DDZ4fLmCIodFNO,Blues
zjw/OoVlPWJmRM/e,Disco
WDcxb9DWfINH5Xve,Rock
mv2zrm1kN/fIA8Ts,HipHop
wgTE5mq7KZ12v9Kv,Country
Bnm3yi5foDmeM3l8,HipHop
F/6ikzu0LqDgo+k6,Indie
uywFZ3CMwJDNCVSf,Blues
rpSKmwxId/lDcC39,Blues
gmaTysHhwJRrkGfF,HipHop
0muGh+XSPJZJIJKH,R&B
Znyh4Mli1I3/h9gp,Rock
R3pvz+/9YFEc3ENT,Blues
xILUa2JCdlvAHt86,Metal
oMVfXlfoDCIUMdj9,R&B
U8PrZ96iJrein2Sj,R&B
s6yYG/eAQtNHXdB4,Indie
pN1aCKHYnXksX+HX,Metal
eHgiXQatxLo8iUMK,Indie
JMpPPt9IEjJg64yh,Disco
+tAm6t5pU/K1fbRs,HipHop
bqZlQQLeoMpk9zjG,R&B
SMGcv07vNQ4ZPZP0,Lofi
pI0YI/W9LtbVdy9h,Jazz
xDQ00eaoFgsoAOXG,Indie
3qVJ3F4a3ymYBPJz,Pop
RnL+YdsSARNneMFt,Funk
whnCN1svq+fVmriM,Ambient
pY/4fpvxCQp85kvc,Indie
ZFL1T581jZV/xnVY,Rock
zZ0/T1NtxH+/fvor,Indie
FZlerWU7Yqa/KfxQ,R&B
R/7t9o+UWArVpoB1,Lofi
e5fGsXnK0GFqLEdF,Soul
u4+lntKOMORe+Mr4,Lofi
MnR0lvWmbI//hyJo,Jazz
eEaXLlkP5+VoS9q5,Lofi
BVD1TzzCLO/j9YET,Country
CFh4HDCFgA73wpe3,Rock
/4FEV5nYYJokzzmJ,Metal
4GmnPNjSHCuLdyNb,Country
kl2eW5TcYaEgBYje,Country
uQ8zTqKmIOvC1SH8,Soul
g05rTTTKiGP3alYM,Metal
w/1Q1aTFA7SCh0in,Indie
G6qX/BJ6olXvro5e,Pop
PySnsbgIWAifyJWm,Pop
hTR/062Gelvq0w8d,Pop
DIc9DCa3Zwswg26v,Indie
ADDyFyiti7dxdV6g,HipHop
+CqLZ7idvhK/oV62,Indie
40rVXy/clMAsUW6K,Soul
9Kux3v4SefRpIdoA,Indie
rhFDHnPA0YygNPTv,Ambient
MekdMmJUVaADjdfz,Country
99j7gM3MMIUgrTIi,Ambient
t7iGTitIxUI7fwxY,Metal
+zZP5gddIeEU6Fpv,Metal
M/iWKrFHjSM4K0Qy,Ambient
5ojPEjpIm6AHI6xu,Country
r8Fox+xvAbGJxFmx,Soul
qdMt5Cvv6vEFpAQR,Ambient
MUNNDyyPzD/X67d+,Soul
yZ7CGpqshcs3XP0J,R&B
eObQQ/9MyPFfERIp,Metal
pqqXWcTYEZRnYLms,Country
nGEh2IbCS24xf1gh,Disco
SJfKYx9Oe93ueP0B,Metal
IF5AtIA2bbPmENVG,HipHop
lZ4sISyDrGpgxVWv,Pop
TGt75iEsnwilJ7C8,Metal
VVvKC6KeUHaaGvKx,Metal
aLA0w7slBK0NRLHw,Blues
Kewm/gg2wOAnfzN9,Rock
bvh5sCnzqwifEhJA,Indie
b4AAylS7ICXrg5CT,HipHop
36LBEf7wwu0GFEbU,Ambient
98Y2PqS7djiy0U0D,R&B
SNV4SdudotSFu+/1,Indie
/tmtktCYAzRiOarW,R&B
N7L4W1NQhyHot2gx,Blues
7y/nY2Gt7YWw+Dzm,Country
L9no7ttvkeuf4ymV,Ambient
N1ts1tNI57QtUg4D,R&B
LovC0ZECSIbwUkOR,Pop
Q02fflqHJa+k8SKe,EDM
QvjwWL9M0s/qrWew,Rock
0aigO7bqrAmImxOi,R&B
+/u25oA01+5a0Ajd,EDM
HiAftOd0PLItb5Ba,Pop
I46EJ46OUg2Lknhi,Indie
cOfFI/UmTh38lMbg,R&B
pMyRvAVOaz5AVw1l,Rock
FLYBC6W7n5Zg0d9H,HipHop
d6nCvIegA6fL7bXO,Lofi
MmgcehZLVyXK65JV,Soul
kkthczuuGbj1fjjR,Metal
VXf46I45AQ2/uUXs,R&B
Y/Ex1uQftWgRgpUZ,Classical
liQg15Si2kLsbY+P,Jazz
Z2NyqeBwecoPhq+0,Soul
2DQ6xVbMfDWpzR7Y,Rock
TZzgrzMeBv0Ysuw1,Indie
KzGF3M+a1xaQS5aY,Indie
NQBGVCU2tMHR11by,R&B
D7zng+ZVu7b/271P,Ambient
25g6Vp3I2b4pAtwF,Pop
H9bTlqhmV8bWjgkt,Soul
+/WS5UL37URnCRCN,R&B
yY42re7ydULXh7Fg,Pop
Rp/WSF7C8DxFlF4/,Metal
mAiFyqkXyxhWjC+v,Metal
Ns2jEIjyd9XsV3NA,Country
HCKqNEjgijBMHNij,Lofi
rBXhKajHDpw/nT4J,Ambient
f7H+B6vcia/0477O,R&B
107BWowpZaokz/r4,Soul
P0XG6tj9axn+Bssk,HipHop
LolWD52eI5/n1JVu,R&B
B1DJdHDR+DPxJn/a,Lofi
wvN6PMFXU+7yamo4,Lofi
CCXzOKEkhAZKwlJq,Metal
ViKhbkEix57yaqBO,Indie
KOKWSzN/kaH4V931,Classical
Pav0aRlcpJS+mllw,R&B
qp46igtnVGuBgO8X,Pop
ixajHtT8y9iJ248k,Pop
Pqu0DAXr1w1qdA9R,Rock
7MFzhcxsCkuZZVW5,Lofi
WBYt+ULeuVXAn+Fz,Blues
3g/lLT+NPPFEvLFw,Disco
OECcoEq2KtzvIOM8,Ambient
2rmd4kFiJN+iugod,Ambient
6oJoP8k6qfC9FoE7,Country
p8BCxlyL5AxvnQOf,Blues
sm+MDREM9gkJXgI5,HipHop
Mkh6RUBtx9aDt/VX,Disco
ZB9GufJA8nyb+Glh,Rock
O311w0vCXcbYQ4Wv,Pop
C+haOBRWYVQWwCRG,Rock
1+gwMVTiS0wwcL8l,Blues
3F0Q7nvU262eaPvJ,Rock
mvFjC4TIJ8+Giqty,HipHop
UfAGwjGJ/vlqNtrZ,Soul
xyqcakFwO7mz7sjA,Pop
OI2zBUZrAA8p+491,HipHop
fRvXO/wbxcgkijmq,Soul
FJc/q7sTF2N1hwZQ,Rock
d1k0rzg6GdvYlyjG,Metal
Rd5iVGw1PoY8dG1U,Blues
CBgTodAeXEfksGqT,EDM
QqHcLKOM9DXjGWme,Lofi
8N9ElyCVaECZjW09,R&B
NFaWzp48mDth539I,Lofi
6pCLTxrqz53b+bPe,Country
cvn4ayJbo25t+fYX,EDM
oBou+nKMx4lAXdj0,Funk
iid+NZP4xacVE0VQ,Indie
wrEQq/btv+YL/v3H,R&B
5l4TC/2vAC6+83sC,Pop
WtHVLYxGswaBqgC/,Rock
EaLAxUFDWPZ+HpKC,Disco
GZeO7Uj2+OdBBgpp,Blues
xbJCNzJcffAOUI0a,Pop
GY5yuomN05EjjKoc,Soul
3pH8wGihVhifrpM5,Pop
NloiGmAaxkaMGOL7,Rock
Vt3yr49yyKKscBE7,Country
L6MTUsBXaL4jY7Hu,Lofi
5ixLcHefSrTXijCC,Classical
Bl1nQl6wzDCYpBvp,Disco
khVoFy1sCOeAYHgM,Indie
O2W29Wnro5OctJWI,Soul
ZY6p6yJq04P4BM/U,Blues
3mUSYlmJPNgBWh7j,Indie
YLu2Sj2UyKG07s31,Disco
wDYip6IC1vS5u0QC,Lofi
0YFc5ofFT14MDRzs,Lofi
jBB9gisyMpLjfu2S,R&B
gWkmBWVzwibSCRBE,Rock
yjK3Onic54ptqjoI,Disco
qfM2tgTWv0V5pqOf,Jazz
Y8EBpANUqkbt7/4c,Ambient
tiYJHrZZPVr4Ig/v,Soul
zsaUeM1Rypi+pQpi,Ambient
IJotTzUSTpX25FpG,Ambient
CKA+B/XlFa2nAwHR,R&B
byxLm0OvFFKZ5EnR,Country
rJemhU2qpFRcnoVs,Blues
8kzxWdSajbZA/2on,Disco
cHzyrYD00YdnU8Md,R&B
jIj030zgbYiIZlHf,Jazz
wG76WXTwfrZHJjCa,Pop
quMlUeh9e9/nvlcp,Metal
SrXG0YxFCs20MIo0,Metal
+owH42CzNuAFX0p3,Metal
6inUOaPbNZmlG3al,Rock
nx/UZPavZPfWPvlY,Indie
pCTyYjuGll2j1hb7,Metal
h+pg3mUVsWWEqoFs,Pop
Ukd1UL7wzdk5apTw,Lofi
v4F/B7+pAknJBewD,Indie
tG2zJWVAz9JcEf2w,Indie
AGW692Ij10lTbvuB,Soul
OhvL5AvE6azvxzOk,Disco
DHZM7TNwC/k8hZQV,EDM
VksP4pIThPB6LUXe,Jazz
3lxmt5qSJLEktfRz,Pop
VqHXpUajZE9niePa,Country
eQTWjzTv6oojIX/e,EDM
1l5JJAt40cLEa1IJ,R&B
CtwHjt7Ai4sP7FKw,Lofi
XS+OWyAhb1vKUJNU,Ambient
sd+bxoePgM+0m7uK,Ambient
6W7CoJqrBXgSzpVO,Indie
rfXkwR5L6yXmg/jA,Indie
5wrR6Igs3gqe2brB,HipHop
lp87i8jPk4IfNyea,Country
UR0J1tOJWDN8QAqQ,Ambient
IVZLfYnxHK38ui/e,Disco
WXfdX6dpt5GgX6nU,Funk
E0zFP8tnB0NAfeft,Ambient
zUyTmfIy/VTy4D9c,Indie
PFu1DO4wYTnSU+Od,Indie
XqFIC6LCEM8S2CfC,Rock
PY8YclDmFKXWEwQI,Disco
d4pe9+9ivsy5470l,Indie
K8OpkAQ1rzASzahS,Pop
lB0c5c0hvTCnonuf,Country
p8Zh6+uNaOOqzjB1,Pop
6KJn6VquKkSHPFk2,Soul
Lh9ZSGHWFIEloP67,Pop
xD/ULrAfD0cLJIHG,R&B
mm+iZB52wMaUhI30,Country
Du5ue1OSjdDBkKaf,Jazz
ebKVmWeNZ1ivvHf6,Soul
mKAFyGUraltUgo2h,Ambient
Je1QADohgEBrsUa7,Blues
FDP29xad6F27lx9e,HipHop
RS8eMFkZzSCCjYeI,R&B
U18dlML+J1uLxDDf,Metal
m5i0B6VUgHjSJIHZ,Blues
mq33YXiBN7L/93Tc,R&B
OR/ntjQ/ezsQIJ5b,Metal
8mVivXk/BO/nM8Gi,Country
Wwcyp4AkLjR/CIrr,Indie
/rzRfd3itbUr1clh,EDM
dSTz4EqWQlHvWQFB,Country
7KYNDk8aaoKyo7nH,Country
bVFiyfyH+pghsG6c,Funk
gnyoWoj/U1gxgp8U,Metal
vWUu0wIkG2QChL7I,Rock
v10S5fZUCAv6olol,Soul
TEBQkV7jj114jRww,Rock
AV2KQMnR90QGPNql,HipHop
jmkfa5bt8nMH1gDn,Metal
Mf8PiT/wYKGhHW4c,Country
gnWOWs3FdcaHswPm,Metal
R7+nKG+25psvajRe,Indie
G83RWPhQXb+mYetE,Lofi
RNEi4Frcqb6g1cK4,Indie
H/NhHcpDQHtbIAuT,R&B
F3EwxruGkvnNmL2q,Disco
cbbbQV0Jhkb/OVpn,Pop
nmdMMfRnBcWcosB9,R&B
d27idBoGm6/cHSb1,Funk
Bons3ajZ4L7R9hJb,Rock
bhLjW4xhD1W2DW8P,Country
lv77wheTXmktYg4g,HipHop
VUyeCw98F1aMISAn,Rock
HuTRbCmAmZq+FGEK,Blues
ez8WsPTnT/MvLX0T,Metal
+v/CDe0ye5AovBzz,Blues
q9xNpXTV9sIwFAMJ,Jazz
XUieO9x4X+79wCDm,Indie
DCGGuJAlrdZmIgtZ,Metal
5YCVfVDxCh1kUJg1,Classical
B9t2HRzGWvzUyc6t,Pop
ep+x+jbAkKicYKhb,R&B
8rgg6ibC1fqRFVEN,Blues
140bIRsHNHYFezMX,Disco
jzI+lnXDkmPE2sbL,EDM
+PWjiLXQanSKDLBW,Rock
8Gh+o2/tSCBUJI8z,EDM
GEno8sPua8sphuST,EDM
AWjabnQ6pwAGMuvt,Blues
SfmdYvDB8dl6SHul,Country
xGnBGQYlejIQVbe+,Indie
DvaUAuNs94DNqV7M,Metal
17IZv+2AwNMrqEQH,Indie
Y+vvjax+pRsYWXDa,Ambient
Tvo0edGamtjGEVsF,Metal
/M597cG0PXzesA89,Lofi
LQ1rwnCJuYK65Vtq,Indie
s1YVJ1IkVGX7mgpI,Rock
kQ0Hxn0fDdhFsXob,Blues
kDGXfzFI8V+xQZZJ,Metal
vm8fpmNxOHrhMWeX,Metal
+gn4lQ0nP9IrNU49,Indie
eowdet9zRZOHc5ts,Ambient
JUiGo5WH/TNq7p8S,Country
vELRoIUXfZvxDcCU,Classical
l2M3dEmka7BopHWw,Indie
Rgfd4DR14qe7pYP/,Indie
3+tqycwaroAGc7R1,Indie
zVz9g+pzexHPL2MX,Disco
SVJe7wiLpzjC0xWb,Ambient
0nsLygWYt61gL5bW,Metal
gf9XS8ZtVm71vZ8J,Soul
iVr9BLwasEShFKdy,Rock
um5T4SUp4QUqbZsQ,Ambient
6VzdFXhcfkdY4UL1,Metal
/16vJTrwMEVTDNYf,Indie
+Qvro/eEGN57In95,Country
hP0YTEa73fdMXnQU,Metal
ecEu02+vBp4SItm0,HipHop
mBRsr+yhBIkCol6E,Soul
hyj2p7tDpustZ28K,Country
dxY1GsSWFM4UnZm3,Metal
r8Pj9QhK39HjfWtG,Lofi
unnCe2YHVE+45DyX,Funk
TIKjh0BBoa1r3K/p,Classical
4mrhB8nMz28rzVqm,Rock
6EdZgEp69++9V4zb,Country
NJt6IJ+HaAsXmaMO,Metal
SWJANJnViMfXKSvb,Disco
UgenWg4ojQduDxSH,Pop
EH+0tRLFOZ5pakHq,R&B
QjU/Ku6UHtZiYZ0z,Funk
o7FNN059EgjMiR9E,EDM
R6nhdtZNaiAGJXL2,R&B
qSon0dA2yZRVL6N+,Pop
mmArX8Sh4+OcxfLJ,Rock
4cExmg6bK+84Jc91,EDM
Q/SbO2Ha16AahUCl,Metal
SJAJSjPd/9WQV6/w,Disco
oWXQMclOw04L9t1Z,Metal
PbpIoVwiNJaLME9r,Metal
MNR2EGNq/0XCLVCU,Metal
lzU8rr8sjG3tE3aa,Blues
0YXnt3FhUj1cTxWb,Lofi
fcblLjf53L2glItC,Disco
ljvpWhoZknufa7E6,Blues
AQGHovAiDMd2aKya,Indie
pcwoiise9f1ucWu3,Ambient
9iix1fgL+gU86j/D,Indie
BQ7xYjDCSZRxwF50,Blues
0/MTx1pHsnE+U64M,Metal
KgIeEBFQzLt28ONZ,HipHop
/I3iPIAUguwjY6L0,Metal
T1fsmDyYjIpLDFNG,Metal
Aw7G7w/uLPaddV1D,Metal
7jjojD4Pgpg3n/G0,R&B
x9BDl1ZAB+t522JF,Pop
Gj1w+reBHb9TgZU5,EDM
K8cockBY4iNAJAn2,Lofi
LC0z0n2Z+bkuUGPs,Blues
dZxSo5SMOEG3DOjs,Indie
npo/8Egy39vcWb3V,Disco
0fdCasbbXWAqHE3j,Ambient
K06+PZsrmTHEpVQZ,Metal
GMcndcuZYjWnoabE,EDM
9dL7R4KGrM6oL7MI,Metal
a8EHkKbuIbM9nrS3,Funk
NXtfwfAI8yrPIcVZ,Funk
Jx6bO+EvP6VBE33h,Soul
9JfgaXC9GBQNkc8n,R&B
odYC/p/Q1UMZxAmt,Metal
qeRlMWWM0MhCWAeF,Metal
nJcGGXuUw92PTvkB,Rock
Jq3snNa9727Tbt3l,R&B
MQl70ZTXrDY68Ouq,Indie
+1AWIHnSdWD4kRWX,Country
736elVal0yYetzF1,Metal
Cg1mndUGxfdn7lqU,Rock
zHJ6sJidB3U8bMmP,Disco
7bJqTWAmzBDRhLsa,Lofi
XKEnkVABcJhdryT2,Metal
idQ1W5D5RvBv7y2y,Lofi
gJPIVZGiKomTMAJY,Disco
251VoI8WW9gKSUMN,Metal
VRwxgxHdpCF31qcP,Rock
SeFbnAceP6MfQhVy,Jazz
xYHO/fLwUGXhAgKX,Rock
zVWQ4geEYLQtgvu5,Blues
ZhOUTnRQhlqzKmj4,Lofi
SRcKlQDjx+STJeFz,Metal
KFMkQ904PRZkpBUu,Jazz
jCGCBk7tvMrqMdaD,Indie
15gYDm1nGvFhFaPc,Classical
nbP3aRdUY/NUTLfR,Pop
I7O1q6uiXJkgXkmK,Country
fhvQmFZSkOLDBth7,Metal
u1+tSzALQbjPrbYN,HipHop
IFi+3dTcYM+n1ZWW,Indie
fvv4gBBBCPDDka/E,Disco
4Px1YUZvbK6g1XD/,Pop
WGfvCO2NPXPxQEp8,Lofi
Be/qA1MNR39PtvO9,Rock
hHp32d0qpMGs0IRX,Blues
ogXn0qk6m1v74Hh5,Lofi
j4BSJ6EtYqR34jGK,R&B
FeT68GIJG1GnGp5p,Country
WpE/2Vphp3ewaYpk,Rock
psMErSwpT5weKV3K,EDM
OOVwCkV/a2x4H86X,Country
Zk1UdBcW2DP5w2Fx,Jazz
c1uhqyAjpiqrQtlO,Soul
j8f8qzX/dYy0KTrR,Metal
GVXDPjhQ6OX5WWJQ,Metal
ooAcC/Alaf/sl6mi,R&B
xqhFWIwmawhtvE6p,Metal
v5qke/L7DSFLJqec,Soul
S8QGsKdzh/aaJmGR,Indie
jDknKXYvcFtqEwJl,Jazz
fz9TjJdsDKbPR0dZ,Metal
uE9od77dlaPPq814,R&B
H+wyTVknAdJaGREE,R&B
E3OnRYCJ/6FXpkfE,Blues
Xc9eoJQV/YpdHrId,Jazz
tP6oU53Sg+v4z78N,R&B
PwLMTTqMBi0ej15E,Ambient
4Wevo82Fdk1T6x/Y,Soul
RUPUUMlB1u1HyKJ0,Rock
Yf+pXtIB7C5adHlZ,HipHop
gNxNA8QbOwNih09K,Country
alKQ5XyTjX7IdkGE,Metal
ENEixDQdLtrMVvwU,Disco
PkrTKZwWVoU4NqlC,Ambient
42+gqkle1F/fk0Fu,Ambient
ArT3b2DYvuTLM38o,R&B
JDfez05y1l4WGFhn,Jazz
6Pody1P5ycNcVko0,Blues
2fm4vFo3FpBTw86o,Ambient
h23zajxNSscG43Ph,Classical
MUI4Oh2kpfB+ZF7Z,Country
kvP54GUUTIz217Xm,Pop
crgTHdy6RNynzTGH,Metal
yaNFnVA4gskEa4aD,Country
3uKA29zJSxGreNqe,Country
+LytGMnKAOuelx7i,Lofi
XjAFfzUAfrfqZWeT,Pop
RFLpwfbSVpLlpj5R,R&B
ZmkMO0usor0pEc/A,Rock
W2bFEYzPogxqxptf,Rock
Z+MLxh1bIqaOPXDH,Indie
YnPxoXP/TcNZKri0,Pop
8YueyBcUjnmrAnoS,EDM
IVLRBMIw3j6p3fG+,Lofi
PTJjJLvy42/bTstw,Lofi
Qs8vUlzv2fyqga+t,Pop
TJM03McQuCI8WQue,HipHop
tOMtr/K2WQuOa4pf,Metal
UOwb8wHBz9rjIozb,Jazz
ysPqOF+JhFseD3E1,Jazz
65YCoEADkG889+wG,R&B
IbIzsNmsnvlMGgCw,Lofi
FSqGrh7HQMQ1s87i,Soul
iqssJVd3fXuXTjuB,Metal
JlhfL9Ca068KABkG,Jazz
1xkOUCllZRG1jsta,Jazz
yFKUBoyFI8qkyLB0,Soul
b0Lp/HGhWevy2ztO,Ambient
B4k+R5juyh+ZxF/+,Metal
7CmNUKa4ScdNthL1,Rock
E/s9UPgPYlO/GYzB,Metal
93sXL6Qe0xenqiW/,Lofi
ZJdTGhnqQweWRurv,Ambient
byWIEhMhvNlyvcaz,HipHop
DoFoAtAKRxtTyR4V,R&B
9d5ugo3VojyG2/o0,Disco
2UeB0qXX2TGIBgUH,HipHop
QMkJBq5NcPAg7YNK,Blues
8f+/qPhXNjl+cR2e,Rock
iY2gOWkw6o4KxyTz,Blues
1uFoiWF1W96zW0vR,R&B
6yRKWwhIIuZDvnLE,Country
6oxUTF3t9Ty26co1,Indie
crjm8XOVxVZebDhR,Country
yxyeunh8BOI/ucs6,R&B
ASnOK4MKAPjpZkaU,Ambient
Pv/HCS7Qp00CgXDb,Indie
AgD9uWNZMElmmVqO,Indie
MtdHXPQFcfOtbVcT,Rock
Br4QVQLypfcfBQmF,Pop
ysLZtj68lV+Yam2N,Blues
AS25OuGYcCRSQWz+,Indie
NoJ3E4SMLLqHg1oM,Disco
SSSgmPFiz4u7lnp4,Country
dyqqXeOn3y+MjYOq,Metal
0swM287H+a526k6G,Pop
a2fYCu5FkWIwZ/yV,Indie
Ji9GhG7LA5KJn9qd,Blues
I0PKU2C5YbwPHdaJ,Rock
3eBSNDRFQsEnCBs+,Metal
qVEK1DINOeShUuqk,Metal
JDLaAsQ8Ik7L/34w,Rock
1RnKto/Bd7mXCGmb,Lofi
2aGlvh3S9P5Pz/Wc,Pop
IYOAysifxkSEbucD,Classical
4X15BZve9v62WQdk,R&B
AcfkhQ+0xql01UjL,Classical
tBMgbHmpLxhl2Gqs,Metal
ObDeeJCYkKR4Uthi,Ambient
7lYM3p/VXIY4LuH/,Indie
1LaKeV+FIGorfii+,Blues
KWadiwwcOKRc6D5B,R&B
Uu7TB98EAx9+66mB,Lofi
xCU7zYBxLv3LhJ5D,Country
wlERa3lrvawz053O,Country
YKx3HdTuQTBZsOmX,Soul
0L/9oMY5sCZQUr0i,Soul
3JOb3/Y3JiOXG4Cn,Indie
t4zocxOn9d21g8yu,Disco
EuUv9fSdVYmyf8Ui,Jazz
2+Uv2857ICXArje0,Pop
vxdZgn8qAKheN43A,EDM
QYNq9K3RgsCE2UHA,Country
dD9QhfovRc6sJz42,Country
iZhkg+3uADrdI9Gh,Classical
tBh1wUawpcD/JIv9,Country
t4BkfriGOmkwmSMu,Pop
De27boiDW6YeiExV,Blues
/o0Lx/s9/zm687+s,Ambient
s90c2Yq/xtw4n5Ee,Indie
9SFTeBJDpAMtPZP9,Metal
U9FAxMU8+3kbPL+6,R&B
qMsSkKimr1KN2SNU,R&B
Pe3mBn6/VJJVNMWM,Metal
QNF3UmHec+fAkonz,Metal
cN4g01We0aG6KTNg,Rock
F4JODIPghN02HYam,Blues
eCpeJ8QvFnt3icoe,R&B
qCaDM4ER/RupIX3F,Disco
4XAsY91mmhAmmbwl,Ambient
Dv/DSeOfMLMs65x2,Rock
R9Q3Nh4nZSAeCKcf,Blues
ErrOu2EfoYSP5bbY,HipHop
GD9M2cgZjQ5WHixS,R&B
M/gK9SKJGG2Ry/hq,Jazz
y8M2QBscCO6SJjQ4,Disco
oIq4gYWQ9G0sIAu4,Funk
tjidCvrUDwQsXVVr,Indie
pf40SHwnGXypq/Wx,Metal
IpaPr37ztwR9pLlm,Metal
IzBjg1475s+Q/nfQ,HipHop
6cgzUlI449PNkP97,Lofi
nNO/7eWN1ypHPrm6,Pop
3nivErQ9HkUmXyv4,Ambient
n4+axcddIeiaNzps,Lofi
YxkV/mh6gqg3S+Ym,Indie
OFbyeCkyato6OVaa,EDM
ZjYB4YFRqqg2oAOq,Indie
l9sQd5YepRisOXML,Disco
0QNE1bbVW65mQDPg,Blues
t1BZznrzKD1Wlv65,HipHop
j0Uf3Kk+NIXvB8Lb,Country
ubULdsCqZEhLdq9y,R&B
qiTNHbN4xrPgnfkz,Pop
PlqMqlnUigpYK4QS,Rock
xPiQfLmFO1A/iaEI,Rock
G4wcm/6F7s8Hhgyo,Rock
IBCeK4bihF0VywAv,Ambient
F74uQK0afPDOlpYg,Classical
t1DFDrYKLcqIHzl9,HipHop
P/9zObqb0Q64XuqC,Blues
qOiQFvRCf96lk+n5,R&B
QpLtZE+0X5fznON2,Jazz
o9OcMba/AZtiTVp0,Metal
8o+AWKMDCTW35RQh,Jazz
AYP6OROu11OpMSJ5,Jazz
zTRC9IGEzaf0RLCw,Funk
F7u5s+TWRtPvYpsq,Pop
La09xiOnbToyTxTz,Ambient
8uMnYtpmPlB3X6mg,Metal
uG23pFoPUhMNAK5L,Metal
VHUkfLPwYNvvspSv,Indie
66Yi0zn8OxcimzOj,Indie
c9Bou49lZaDGnLWp,Pop
8cZJhTUG1CbEy8Ng,Lofi
kjdC8eS8/owYC9U3,Blues
WWRVoinhvx3PR+Ic,Lofi
B31FlhGmdTe3hBuk,HipHop
bFz91KEtDtTJUzjW,Soul
AK8TC7rrYACmKS0n,Blues
EpLrRmLOdewz6tRO,Lofi
hvrL++fGLrkFyPTq,Rock
Tju1hgKMWBy3nCmG,Jazz
lvS9ZjQYW7K2/9io,Country
sEECv3Xu0NHBjTfA,Blues
NrxEe2JLMbqMyVZr,Country
yYnYXMBYU2cGP/4y,Jazz
4zGGdk3lpL5dhZVZ,Metal
NgQ4oEsXuS0rrHuc,Pop
BHm53or1jk0FiuuQ,Metal
FbovksQofrBLnrzP,Indie
9cK3ArlWHV1TP2yJ,Blues
TgbsBQrQhkeyDj7C,Country
Bb4lPRqZRDsabjJj,Metal
hD2ORHNgzbOz+0sZ,R&B
eLY5oecDI1JnqNSQ,Pop
09WMDsEnLpYs4q6O,Soul
QnsK2s1y4QPBUHCO,Pop
lATtfvlrmNm+Gvby,Blues
7Lh9W9/5kuDSznyZ,R&B
CxenwR7OolbokiLh,HipHop
mh+Tcdcli8koe6Kg,Lofi
rOwkLLYILkYmFJzp,Country
8cd24dQfwjh1fjo/,Metal
ciKZEWvTiJyo/kPx,Indie
ieOQMmotsB02wi/+,Country
JKauv72+KwpJQMqW,Soul
kj/9jz1IVsLg+lzG,Indie
1OHCFoufuwjyqk2T,EDM
2c5MVt3Z5kD2g7fF,Lofi
FDv4zrWh+NIaw7/5,Blues
WthV8ZOHjuYcspDM,Metal
uVN9XLZt+wPm1bdZ,Ambient
QM9n2utR/eaZ7dmK,Disco
dBssOFoY4rHk5cwa,Rock
az+unrzIMHefVI08,Pop
5OuukBcIuRwHF41V,EDM
b9nAAyqhwz7Pva+g,Indie
sGSWg/3BdSGphTUl,Indie
X8d+XXk/2Rt+VPpi,Indie
d7OGFqM/aMWUUlYg,R&B
2tbAwrt9nJoezdrr,R&B
e5USLEu74K6VGnfJ,Classical
3J+AQhLpY0oNF8HP,R&B
qiwrTxyaPukAOeEv,Blues
HAU5xaENTz/5bylO,Country
j7OmXhLtSQ1YcUN3,R&B
Z7kieyUx8evIdXcQ,Lofi
4TIX+m6sd0H91abH,HipHop
wpUPKPursh86Rc8w,Classical
j5SWSsfUa6rRHA/7,Rock
vAnxr9D9IPTrByzT,Indie
5utfbcwIByYCmlUi,R&B
71s+XREoAk1Nv3Lt,Rock
498w4BGxgGtfVbx9,Country
qsEPsa/fwn5eN1kj,Blues
F3DyT2lyMbkpvms2,Indie
CwSFMiBcV0t6/pqe,Pop
Mx0d3fQnUySiY18+,Metal
ljXEL+k8Jqe9hqsq,Pop
tp3QP0kJnndGc3VI,Lofi
FA9qT/E77GedOyFM,Indie
4k1aDBeEEkSQT2I+,Blues
dWi8CovVfOIMArk7,R&B
0jQinl2aK3/9529f,Indie
/5hMap48pr18zOoB,Blues
lAzTMsivyYDz1kxM,Jazz
qReN0+04Bkod5kCB,HipHop
vSD6XReNAss9q2KJ,Soul
KjGTbEIjlUHpF512,Disco
L5BIYIc8VezQmU7+,Jazz
STiFE1Ixrut+WNH3,Jazz
DR7KghrAC5W/7HHe,Ambient
jysaGVihZieri30Z,Jazz
oKC3ak821yijNTsE,Lofi
I1ygrX5DT0C+B2C+,Soul
/k33NSqoHjPVucw6,Ambient
IYxdubQHIKVXPtK6,Soul
XXijOrdUUPxH6xsh,Disco
MaDkEt2A4Xe4hw63,Lofi
YLU8E2NfVtlKwFIw,Pop
3THn8RQJRSHOcQL+,Lofi
KEcB/J9ThX3sVnTI,HipHop
UExvaRWYR0qTTKcN,Soul
aF72LDqhWA5fHooq,Country
12m1u1oSUkcP/tTA,Country
qNh30vLrN4VD1vH1,Metal
q4/GuebehZeJhBbJ,Lofi
/gOuY755VChgqynB,Country
/xtGeo8hkvIA0KNQ,Rock
EksxuHKvgGdz/YCb,Classical
Em0S32tTMEvujiTP,Jazz
SQ9lbCyQ9Nbq10eu,Soul
Kty/E07V68o+slJk,Country
Y3PdrlBmoPmC2CcQ,Rock
HNAHMjyufSTak9SM,Pop
ZIrQO6j4LHLaJWG1,Pop
/cuvPfG+QluCq5Dc,R&B
2A1e+E35Vpcq4HPs,Pop
lPri7BWr7Qd5fwi1,Country
DwZphjrZJwmhnh8d,Pop
ObfXKLfo3N9IuZGw,Funk
qCxgC5trW/Xl/wC8,Indie
z8dKvyoqkEVA1aKZ,Pop
s2RNjtkc0Rzt5smL,EDM
QRLWYc0bYc99iymy,Rock
