song_id,target
7c61FpilqRU/3Ley,Metal
EmqUjbC3coby/LZy,Metal
lvF5H8aYwo+TlFJe,Metal
O+oGRFmYSUbebxCK,Metal
rUR7HzUw1p41lUUn,Metal
VProB7TKgRFTFVrq,Metal
gYQjrcbpEG5W9edD,Metal
Z2Y9f3jYnh+YTLGp,Metal
IAIYlsYrEIWPb0U0,Metal
xfUDK9JELK9bTDW0,Metal
7Z1cARGOiTyADGwO,Metal
bQ8WIG9gO/b55XDK,Metal
hhxrPEYmlbyKOotG,Metal
rgnM31nxwjH6u4U/,Metal
1gx13kq6pRXFxyOV,Metal
iP/tP91d161uCfcn,Metal
rSTi8rsVyUgm4qWN,Metal
EYmjfpn1TOvuu8ie,Metal
VZNf7ytOSPGBg8rG,Metal
cZTMC5n1L9p3YzHo,Metal
7ghPTCo8YV04PL+k,Metal
ahmSY+um6ZilR1uI,Metal
6GQHDA9M1Q+p2jdM,Metal
ag9dcBeGUftIevBv,Metal
CtjcNMfYcV2S9btm,Metal
2MAoW+vIObjgNDBL,Metal
Hlwo3Rxfo4dnQvj/,Metal
AZxiqtF8HGSiQzhx,Metal
nVJvZuOCLdWvhd53,Metal
oWC8COIDIaJDN689,Metal
PoPEEfNaro9QxKEg,Metal
JYx/qZGZTWxKEe1Y,Metal
ZDjYmQypscQsLwVV,Metal
z2G/R+/ZbMZGKH59,Metal
gZv1ik4otvpBaUpq,Metal
w/XwBR7sfbwsNhyQ,Metal
SfDJB+hKceiGOsUh,Metal
bMF4c+nbvexWStcP,Metal
YVH4BRQcV5gDtOW2,Metal
uWJUOIRyoCIiBjhL,Metal
3oYM3lM744NFulud,Metal
J2KGbd24JqVR9K9/,Metal
VH4KZwr7TRHfDZMX,Metal
1UJzM3q7ytqE36TR,Metal
1mg89UoF8llXWPG4,Metal
qz1HW12sOZ+ObjeW,Metal
kF+hJgPoP55hmwZX,Metal
pEwf+h294aqAn/MA,Metal
+BBNpVRPNENjgfTm,Metal
b8xMGk/uhpbQxc5N,Metal
6hCj6GxoPDm4RUSM,Metal
IfMWNurkeHdz1qjU,Metal
0McNvLXPBgENraMl,Metal
Uh7A35VbAdj7LxPC,Metal
HpjmXiJPIfnItsGI,Metal
Uo7Vzr7iYWPQ7kck,Metal
g0gSS9dykjf7Y/8u,Metal
wvIV7bWEX6o0kS+v,Metal
Ob2queOGyIkhf1He,Metal
3H3hF7wDtMMmLVvF,Metal
WsW/mk1MU5/zNJz1,Metal
juXvRrIKeiZKhEpb,Metal
Kgx99+kO/5L6FAKv,Metal
uKA5uDbEHMtKEdQj,Metal
eQuOdtWAb8Vxw3mx,Metal
HDUo4S7dWT93Q7OO,Metal
iW3mSad1+b/zpURy,Metal
8WVEsCyvUjeF8NAb,Metal
phFDB8mjx/oGMtzj,Metal
6h/B1MTHXlUdxwef,Metal
jXGNlqKheY2SSJd+,Metal
9PJxD83pAsJOyEun,Metal
pTsC40ffg2GLYSPI,Metal
GDz2XxfG+5pr5GxS,Metal
29hN/kGwzn+tmN96,Metal
ZeBeQqBLuai9KOr7,Metal
ymwQTvDDrL+FuNtx,Metal
gZi42lUOa0fv8pnG,Metal
fwxIAA7ujZk0ze/8,Metal
8kRFDtTfbvbnNaa/,Metal
2ak/WGhSZBmPb8Xk,Metal
pHqL6JNMdLt8kUIM,Metal
J9Zg24xN4JYL4sBi,Metal
CJur0dY78SkEF0s+,Metal
b+GzRfoSt7iDfJZf,Metal
NSK6WI7SsU7Oak+q,Metal
IuuU6WRmyvAQvisX,Metal
YLKoDTnyjpjuRLfy,Metal
6Lr0zzfWBbLdHC4a,Metal
T+jEmGXwDJcZVtn3,Metal
KbKFPsQGmSrrMto9,Metal
mZm+ibhXmASFcz4R,Metal
+RsBor8AcoocvLER,Metal
kWZWp+1ymX0EmNfw,Metal
r5vkY7RiRDLT10rU,Metal
ULz+WcSiO7BA4Suy,Metal
5woS+Bc679xskc5R,Metal
FPJTE3lU/oh4k1HH,Metal
mSymU977w+yeORJj,Metal
2sJVljOmHCFV0WA5,Metal
irXGsyxv5POwC94I,Metal
QPtoqCpJ2Y4O9AVr,Metal
eAvGCVl6YAuEZl39,Metal
tnlRWPas8Ni8bZ09,Metal
dM0xMV6QzZt9a2BA,Metal
uuOqmpohSrTViAmK,Metal
LdtRLFcupFAdvrrJ,Metal
5ZC2vbc1X2k6Pi6+,Metal
/lgvaE4NyZjMVTEv,Metal
EwltvKlif+MO4Uxk,Metal
Z6Q6flHvYYsVqBMF,Metal
q1R7qYn/6jPtGSKX,Metal
DoUSOFB9MGR+Ccrf,Metal
V3YmdbLuZAZK64qL,Metal
sBFxNeVg5KHUDSym,Metal
3JhEMvELhX659Y9b,Metal
trW9ZEshdegD4+qC,Metal
Igyv2RVE/E8eUIqL,Metal
ceCjxIeFMKXSTETG,Metal
YWTMVY5tOGsbN5y4,Metal
hxSK+1jtzy8SuQqM,Metal
EH/nF6YtXwK+3cwb,Metal
e7uTBrW2kDhuQprb,Metal
tk83VuJ9TdL+F+yz,Metal
zYlrAEgiuyGyS1OW,Metal
o2tB/0y9o47ABXyE,Metal
0mKMeGU7+TwJdpOB,Metal
H/g24UqJKHxCZ3ky,Metal
10IobhrVHlSP8YCm,Metal
9dJrXh67hPxZJRCS,Metal
Z6IwYbnz9aHDRsnd,Metal
Mi+IXqujJwGuqkrq,Metal
aIUQ7PZMIWMvYUEG,Metal
YoqTQaiPaWMS4ybo,Metal
Mv4ln1uc6DZm/D8J,Metal
KyGvSWo3FhPWzFYv,Metal
SO+Kk2Xq3N/l2Vj9,Metal
8ha7h6DoxfnA4vSI,Metal
9tFcavvBx4QLfrs2,Metal
W9ecxLdyxvD4Wl6K,Metal
hN0SNLwUeb69xNtj,Metal
BFCYw+10bnpGK5dr,Metal
HCJsLUdqiCU+cXNB,Metal
vlZJp/Kwfc4Q/y12,Metal
AE+Ar9tjwYUUPmlD,Metal
7CqSrgV1rurh1qba,Metal
2mYsp2ndy2FK6XrH,Metal
R0+oh+E/U2U6BXse,Metal
k2u+b1XvrZt1gVT3,Metal
u5pAwb3TEeINHn1y,Metal
htJqU8T7B3Qdi00K,Metal
2UzCC7fVXOL3eVcQ,Metal
0cm94SNjamupE2XY,Metal
K4yPaoeKFlDg0joZ,Metal
w/5/Pb7rgfKKpYru,Metal
fxbRtNiJO97ThUll,Metal
JKtdZVDQ1lfI22cB,Metal
Ka5fXicCKctWcGqE,Metal
DuQfXlYHTIxIbkyV,Metal
VbdfjUAwQnOdY3x1,Metal
0z6/ayUJSCjTb/ey,Metal
7D7Wvz1b6KVwebyL,Metal
A46PyFd9StSBxt78,Metal
L9qFUFfjSD9VTBcD,Metal
8EeRr7zV57HpVbnL,Metal
UeCZQ3GNS7+QpXUi,Metal
+Z0M9REbPxH15llX,Metal
lEUq53OuIj8b5EXT,Metal
9pnEoaAjtrHAwbXk,Metal
VAnU0DjITt1Iw7Xb,Metal
qXzEr/DvUCev5FMr,Metal
b4FDPnWaW2wmiWxp,Metal
XPAtLUBBWsPfKUTQ,Metal
OWLe2+gm3nNB0AQg,Metal
Q7D1az/uol6U8KhO,Metal
yrmwDAyDbkdX/vRh,Metal
1XVm8CM2lXtzvtqR,Metal
u3ipOrhNUYyDG9Ys,Metal
r2tFLU3CwdDUyJlS,Metal
6Jcuszs4lYOB3u3b,Metal
KvrsfVnKg2nC9VLC,Metal
eg6+uaVDqIdsW43a,Metal
w7/yuVjH3BfZz28j,Metal
m4TZBTjYZp3K8eZm,Metal
/NwzF8Kq8oeYj/bV,Metal
zlb9UZUwtZv25tLv,Metal
h5GW1MZ75atQyyXa,Metal
AyL3rfWZuyspSf0j,Metal
Pe8wdP0jQjS61za/,Metal
TPrGKz6NQotk5qqC,Metal
uNHF61QgIF1FMeE5,Metal
gO5H+MF2YH2ARJpq,Metal
5wW3x+JSg1m+Cryu,Metal
R07JkS+MmPduMoCS,Metal
JsSKAw0gxUaZLife,Metal
mT6gj+47n1EQWWuz,Metal
qHK8+GZ3L3IgsUT8,Metal
IokdlBhiGXOxqZ7/,Metal
e3dAplPaKj6R+vvL,Metal
2o4oO49q1XdBhAQA,Metal
zh/MCGBE2B5nTJHm,Metal
kJEfjHjLHslsKIo0,Metal
ZBDPVw0tziOSv/Vv,Metal
AhZyr1F9Skta3C2s,Metal
8M7r3pv/Qum+lwnA,Metal
iAWjRcDTXMY1kAVI,Metal
tNxDepmfOCsiQEPa,Metal
yIvb+YPcYlbEorxa,Metal
hRdLYz2mRcIEYXKr,Metal
l52eD9HNvEg7MkqE,Metal
CFUv2Q3nFjepiPv1,Metal
fEHMwf95bIYRqCMX,Metal
8uUisCPDuLB1Ijeq,Metal
+kCXflbCSS91Nwxx,Metal
2MsnCwm7+b0E5Gbw,Metal
SQsJ3IbHUHfPf4AT,Metal
DdFx7eOLdC137+xh,Metal
c9wwbnFE8nuI1xnF,Metal
WAjKd4jdwRTQma3D,Metal
NO2QzI2N/DV5k0no,Metal
gQktItrljms+Yvar,Metal
frhRcvqkOgNSQXI0,Metal
jYagQHsdDYomL4y+,Metal
6e9TyIsKuRbDsdUQ,Metal
9Np/1F+hJs4teTfd,Metal
HJ3/wDoeueXbyAwM,Metal
rIW56W76HNcWn48y,Metal
i0vMXiLmTPNUaTXV,Metal
RuVe8HclpnDJJKzL,Metal
GsmHbEm7Lcz5Nq9B,Metal
OR1U3/qFHAlHxcXz,Metal
STHumeIlQht9ICMA,Metal
/8i2mjI9K9dxaOh+,Metal
z3YrT4Ekj1ysIlvi,Metal
1aG31k0bb9waMPTd,Metal
5ttxMSfHmD1aFnyh,Metal
PBqMOiv3fREPbhu2,Metal
/GJz3ECHGer+KNxX,Metal
TU1+OdCvefKAQnWx,Metal
QJkUv2hVrW6JDFKc,Metal
LBjd3UM45YwFMIzi,Metal
8/my9rg65/JGqEDp,Metal
6e7p64yxUQyU1MZl,Metal
fqh+oNnVyh8nxhC+,Metal
FPNIEvMwjAo/koFv,Metal
7TYHN8e8EK/OO5vg,Metal
JyT76n4laZ6QlX1L,Metal
Y2A6oAaKjutysiMl,Metal
1n7nMvU8SkwWgl8N,Metal
528gZbEhSn+dzLeZ,Metal
Bm+5h1k9YYnsE6zX,Metal
xIH8Qzex+KEdzWF/,Metal
GNpLVCLZXkSP/rFV,Metal
l6MeDuEjTXciLhQx,Metal
Bzhsw9NCC9OHZK+t,Metal
c/gBeMHOGvY04dk8,Metal
U4ye4rq7ApJ9h7pe,Metal
ey0HuT8G0vF0sx5S,Metal
4mDcAcc0I4ZlQlgx,Metal
Apax+j9I+yaUOPEq,Metal
9kCLaLKt/VRZlJas,Metal
V4/M1+tW1xTc1sdG,Metal
A9X49C9HvwUPZdSO,Metal
fuspncWafu7HHkLz,Metal
zu0VMY//p5ukZ21d,Metal
eumrst3OzygKiBxO,Metal
kZWlf73CWqfBL8Qc,Metal
pV/XmY+Ni7lD1zY0,Metal
gnRHpHZxJHMhpShu,Metal
O4SdkUmMJsfx+/xp,Metal
BSFtdLMrZdDeYbMy,Metal
dM+iPlIoM40qqpqr,Metal
wzjoiFrHMnVd0lI8,Metal
2cA1O/cWGk7vVAOZ,Metal
jgBXmRBY/SD9DSof,Metal
yPxcI4+paOJbqQI6,Metal
nOLZTf/nV09N0bEB,Metal
8Qz6I32aTj+Cl1eG,Metal
km5dmIXGj3Vme31d,Metal
68qlCWY9ok8EChf/,Metal
mSGUl0eXFplR9OYN,Metal
dvMpyWTtdnKBEkX7,Metal
1qgQcYJTtN0jDhtR,Metal
teST5T6ER0ucQmjQ,Metal
5PIeSYtA2+JmV5Tz,Metal
rdS7ZINftVz7lmzU,Metal
ddagsniSrjRov0ub,Metal
nFXvwx7OgSTZMd78,Metal
vgKcmNrjZ2+Hwxhz,Metal
B2JB4ynlFb7VC9ag,Metal
g7ZAkqtRwyoE3yjE,Metal
AV6PhYJpkmA8qHZS,Metal
BPnC8ir5LnWqWNHD,Metal
cWJY9dXY1UAi/whF,Metal
zBGeFVZv1h6DdQtG,Metal
wWtiLBzy50Mb4AiN,Metal
457T/yIeRGd462h7,Metal
nm6ECrg0ww5rZWIu,Metal
LXbP1t6WBa0jZZKx,Metal
J6ExTzPNtDR3yJX8,Metal
tX6V2Z1JChTIURnQ,Metal
25ylkLeuloUiCD1y,Metal
d38dSCI4eOpttR11,Metal
OeB/BPqxQUGrl93x,Metal
sdWWuk5KYCZnCPf5,Metal
r0S4Q9bPU0XegzAx,Metal
xzWdn1gKB6zawYYe,Metal
ED3AjtLRUhyrrv8S,Metal
eZbi9g8DahIEHKQP,Metal
gzzEfr6Xsqs/7bbc,Metal
1TtkOeVokynAz1VF,Metal
TOZcGZM2TAzwqE5P,Metal
nW+TzGnw0o/8rLoE,Metal
E7KgGiwY3uD1x49p,Metal
LbiffUWpG8iBYMP7,Metal
sOCmTBEywx/UvxNF,Metal
sZdbSV/Ubtg17Gsc,Metal
wygtTJSydhbNaAvc,Metal
GjDuAUjF8LwryTnO,Metal
wFfxw2MDqYte9syf,Metal
5EejOHu53mQ0hPhT,Metal
hYP/VwopQThSHiJO,Metal
i0TL3kn2XepOXk60,Metal
ITiCXbHXsHdIj4tR,Metal
QNCYcWU37VX4aFIf,Metal
5I44ItmRxmZ5MTCZ,Metal
EvpZCGr5XPbQ12OJ,Metal
TGYLn50zkQhpYoKn,Metal
W8MvTyDNdlfwV1bp,Metal
U5KXg5IYlFiFzPAa,Metal
/3QhexRFUITACSEf,Metal
xBUDheTZdjMi42T4,Metal
aI8Q99vJOwIRqobu,Metal
G+KYk09vRKZEkPo9,Metal
v3IgdUZSE2aqpSrs,Metal
+7xDcNYyCNe//slC,Metal
Cpaerq0RfGYEz/Q8,Metal
EIYzNCUc1vZHEVxK,Metal
L8q9jpbzpWqmP4os,Metal
km9YVgElmLekAJv9,Metal
d3iDIc9S2UEuEnIb,Metal
yMmkHQmx6IxkFjBQ,Metal
MTUgtXXw4GPrIt57,Metal
mGaapiFIeNpBt+xZ,Metal
gc/wirAxxxeYjtxy,Metal
kQr/12slpfAXa7ka,Metal
v76ytzbR8qzhLPeZ,Metal
/pg8Nk76z5lSb/mL,Metal
/2cwcj8yHiC9obwa,Metal
hcKzpzXIQxSCmDNr,Metal
hW0gqayNbEVpYs9G,Metal
UHQtbHMptGNLdE+n,Metal
Tg0pT15z4OBRvJSL,Metal
kKhb5i5aA3Y82DKA,Metal
b2xYpU3rWx0dYdEF,Metal
QnhyN9KjUfI1pdu/,Metal
CA7yCeyVRsnDXVNI,Metal
2orrfRa8mQvw31qr,Metal
6wtsYDocIhG/vV+Z,Metal
o0i1SVFf0tNMWvlu,Metal
8Rv6RPpHm/P3tU6f,Metal
POq0QYQ5Fw8efo4Y,Metal
2JENloSkVxVPZ+/t,Metal
tCNMiwVsE0/xoB7F,Metal
rONNsE3FaFQ6oZyh,Metal
BM0bJq2+BsogB6uG,Metal
t31raXuiKW2/CuLO,Metal
DH4eNSSm/gQz00si,Metal
DHqae/kz45b5n1V2,Metal
pqBmW/MlqaqB8qUW,Metal
xi5da7kvMm/8c4Q+,Metal
CyTmiKBtSsVecj7Q,Metal
GgiW5zRFKywz5J0s,Metal
1Cp07OiOBxPZFDXX,Metal
OMS8BxkZ21fTJ1Ql,Metal
4Z9hj/gBA7HyGIdX,Metal
2EdDA9eX630X60H1,Metal
n71Y48L4jqhONihn,Metal
mMHFY9cFO7Hd5Pqp,Metal
DDR6E7VPnJjyPUA+,Metal
lFmz7hvdOm5uX3o6,Metal
f+G8gE8vRR6UB4ov,Metal
APKGSn0EPU3pcHr4,Metal
vN+52IrTyGBaw9Q8,Metal
2fjVjYQqFZ2c5W8O,Metal
iTOvuws1tUAqTce2,Metal
J67wl5JEmQO4W71D,Metal
Dz7xNxNQs2dyoqAG,Metal
1MMvIL3tnWkgcbTe,Metal
KljJ1+T7kn3GAZCm,Metal
9/XkOAq871ZPZwjw,Metal
YoLQvNHXNvAngCBX,Metal
el9F9MqeQCtXfYpq,Metal
MZC/t5Uh6C9rhh0L,Metal
3kDJInpekrVbkeZV,Metal
uoZNkVf/CoSSJ+SC,Metal
y76VpLN7b46zFnoG,Metal
z758hvMFoMsiY6n1,Metal
vDMowSCXjPDpiRFF,Metal
SvEsju0Lg2zx0D4c,Metal
iJ5ZDF2H130QG3CS,Metal
LdIFveiTRIFFrRYc,Metal
xnjpV/BRHlPfcCE+,Metal
pHyOASEAnCVnaJXq,Metal
/S8uDuflwAwF9t8A,Metal
OXevZlW1LQue/TnE,Metal
gXNsx1TX8rWWhRFs,Metal
jshTL41QxmcG6Y8G,Metal
A/08CYTebEbmqCcx,Metal
XOALEsYfEp4QCXfX,Metal
H9x6uxu5P3Md5pSg,Metal
M9j7JJxTXJuKhEHn,Metal
2cowoxWM1Okk2T3/,Metal
o035O4RXTlIaYu6G,Metal
CzHNGTg25oh83Pxg,Metal
IL7QyV/ICcJl0Ogw,Metal
H8X3h9dv7BY3oJJq,Metal
R9DPsOSUHdSnhF4P,Metal
ZSB+4or8KL5ITcy9,Metal
68m7wVAD4jbbp2gF,Metal
h7o360pPBUn9YaO6,Metal
Xc0YgY8ihyDQ3EeK,Metal
vB41IbhMScOYho28,Metal
P/NAUAUKNDVZ2XD6,Metal
v8a/O0uTuXrOeQ+q,Metal
feiHkX9gX/XjdW67,Metal
iQublEq4AeyU4O8m,Metal
O2LVY/NqJoxZxNFq,Metal
B38G0oHJ0UqmfvAO,Metal
euqN4tXyncK2F9wx,Metal
vhaLlAPzKUw2Rvlh,Metal
Z6y9LjMH3IrUejEX,Metal
wF3AaVaiUAxmjJ63,Metal
WesaZCupBpL3oPTZ,Metal
WaZuBQhQEiULzAHm,Metal
IuwdW8/tNZPfREav,Metal
eP02IIWYKWkuYqtc,Metal
kv/AkXZ41dCALs/i,Metal
CZDqAyQsmsf2ZIoZ,Metal
kJNEg0LsbNE1hk8e,Metal
w5VkEJ/yyQxB/fVR,Metal
qwLbTTKwCOf8Af+p,Metal
miJE3BIzlqHxSLN3,Metal
xkUt+ewsAfxCGuAy,Metal
NwG/wJlPMu6VPvma,Metal
UZqeEVISKABtKduB,Metal
/VNlEDukiJs2UHtI,Metal
FwJcm7nr42o7v+7s,Metal
aNU2J4W3t5O/BXer,Metal
OO0c/paQsfNWvrkS,Metal
HM//Ml4Q++uwI8aX,Metal
oGIhX2Bk30J7Ip4k,Metal
w6Ay63oPoTaTE+YS,Metal
xsJt9vYTufSYKOYF,Metal
G0BM3uvjbjBILKc7,Metal
raVDCKd4jagrn+Cm,Metal
DZxiX2sLAmrAH13e,Metal
VgLqSnEpaiiTXtiy,Metal
qsIeYACqw4emUMzT,Metal
CK92+JbvmR2giVmC,Metal
QXrdOlhydfAOoFxN,Metal
26SzyhtaYTsSIkVb,Metal
k4PoE0EKr3Amxaez,Metal
UcThO7uo9uQ3KElc,Metal
oIY+A2gT/Ov9UQea,Metal
wrwFNKTptckjfZEE,Metal
pbO9J5d2wxMs8JwC,Metal
v/DJsAzgq6GD+d7Y,Metal
pJh1kEO/7uHWevNa,Metal
GUrsSZHeF6tYejdg,Metal
2Tt3gh1WIK04duZM,Metal
JMk1FDL1pyy8t9rF,Metal
ECsJfqPDLFfo9VCi,Metal
QX9q1p6L4kPtJnRG,Metal
UMNIglcEGE1zXf8t,Metal
e3T1czaQW9DAxxBR,Metal
lvC+aBxbWow5ruLd,Metal
WzfWNq8Doqr3Ux2q,Metal
i8zyu0B1seo6MMI9,Metal
ysClzCca80L3MdvB,Metal
yxJTaZ4/Xeu2Li4E,Metal
B44qxyCdcBXLEZpK,Metal
U5AcqOxLJxGwqbrD,Metal
gS09ldycVPXuNA6H,Metal
FFejMtQNm9aTdUpD,Metal
7+oqccOrVdGDbk2/,Metal
jMLtKBARx3R5zDlR,Metal
9ouZYplnamLdIkWE,Metal
YHQtUtCGZtxRuzvU,Metal
Gs+rhfXDpZJoW/mP,Metal
F2vy5MQ+Z0XAcNUO,Metal
49oBFZjKtGSeAvf8,Metal
t7w7zpbuIYhpGu7U,Metal
OxN9qp3QwMFBT8PR,Metal
IEtiW9Pw/Heql+zP,Metal
4vsHKNgP79Y6hflT,Metal
gR1AqUXCJSm2p51V,Metal
D9ZVIk9rjgq8NrI6,Metal
1CdcLI+nzpX6Ti2P,Metal
MUkN7xAAcjcit4Lq,Metal
ADUSCY9Rr8wJt9Gf,Metal
LBkH3WK6XehILADN,Metal
ENABt6IakRVpdOSS,Metal
mepG0F+KVfM8ec9O,Metal
2jYg7KBnW9gvQ5cT,Metal
0k2kmj4WFQbFdyTP,Metal
thoDbEoIuBnPKGxL,Metal
ZJAMYeoqrtgvg5up,Metal
dXKlAY1G1wQeTvml,Metal
IWl+pyZBVPRuar4w,Metal
Ozb3f59YeKQzD55h,Metal
Bx/WgSldeZsgnJMR,Metal
hA1Kf5nWbEoLlw9i,Metal
aj9SSFaYjipVnR1w,Metal
Bec9y6C6UAW+D6Ag,Metal
bqdIKJZtYUud7DsE,Metal
/jGJr4EpqbIRh1K9,Metal
9p41e4OJpmVXTvQ9,Metal
X5+aX6Vq4fa+3LVA,Metal
3RSbKYd+Mm9/Y3G9,Metal
EGLv3SMW5mlDCfAI,Metal
SMHxdD4RgocTpiko,Metal
CvbosF1orJ0hAQAh,Metal
AHw7zAy3Rmp+i47u,Metal
dsB/WSuIHNcp9e6+,Metal
Wm1OOE+zg7ZMnTrg,Metal
gJaFl6IgaTutpNt3,Metal
K5SYzmcRcSgdW4YQ,Metal
mo8pdDmkoFOVt6Ht,Metal
rGstvJlEgEfPdDZa,Metal
EV6cnVNonBF08mXp,Metal
6assFBguZ4Bb30Gi,Metal
uZwWGxcvSCd5mCvw,Metal
Hqoo0S7/aRlZ4THh,Metal
jHEYBign7tw/TX6C,Metal
CAC/2ySCHbMKLP+J,Metal
xHxpyu0OCAd8bdi/,Metal
kxZ1MxMqWt3wHyy2,Metal
NCK0YPXzqJj1Sok3,Metal
6nrQvNtgj9xwRK/H,Metal
cKHMlZc9kIiSEvMD,Metal
mWVSpmTxISVHzCrK,Metal
CMuOci5desmO8cxT,Metal
onP34BbSue2Dqzzj,Metal
o7sBiUNPyeHww8id,Metal
ZQ0wZPJI92VsS3C5,Metal
+KAoZ/CLTLoXRdNe,Metal
sfwwAgktscqzZTXF,Metal
he9rD/SVEBlVHIYV,Metal
GyTjnSbQlwH1LzYj,Metal
qjB2YhSm/Cn3+A3e,Metal
O9/66lS3XViZy+4z,Metal
GdEAk3NO/XfqTMBq,Metal
rds0WJ5A7S3GuopX,Metal
NTwwJ/jAtHOOVuHY,Metal
27pPg2HKXPNc3r8u,Metal
SY/V+CIJq83lrIwh,Metal
G+DHEyaifI5Oczyi,Metal
89zjY9ExLBR/kHp1,Metal
yQ/0nlDD+O5WZ58+,Metal
cVTTuKHI9jeZ8AYo,Metal
sjZAgUHubuVX3Xbw,Metal
+3f91GM1NKsXOD5I,Metal
R9i63Stu2Ub9ox0P,Metal
4oxLe/RcLfsgW+C7,Metal
Y70YnsMaGLJtDbdx,Metal
mgZnrj9aX8Vo5ycb,Metal
HeNET+fYYqcgsPhp,Metal
tSEDvC0gvNTPPgxw,Metal
tt/25Ub1gXKsUpMc,Metal
/X+LSg37uL97VMQS,Metal
lAi19QpnolrkpzJs,Metal
RIz3Fr2y6NJ9Go5n,Metal
yu6l7FcZ71zd/WAG,Metal
92TmPH2ZICA594jk,Metal
wLFq+yGtqlv3KQVK,Metal
XGpXQDmCJwplenNR,Metal
OPv66jCVWpVKkiQK,Metal
g25rmt2RL7PHPmIo,Metal
MUiLhEY8c3orBF13,Metal
CcFMdotPJE36KHpx,Metal
0b26QE5ZUjcQvW5f,Metal
vclGBVKG9V+64553,Metal
CR7pBuI1NY1OP9xX,Metal
e1A8pFN+KEI+7Gwn,Metal
NpYw75VuD04NLZF2,Metal
q4U/EOhLGusxx5PH,Metal
1KaDfV7o3aIcndsx,Metal
IbIFQ0w+HiQXwqJM,Metal
JxgGWCjAIGC0eJ/3,Metal
VDMjoJXf4UeZwzNP,Metal
nJNhcGE+/VWKn78A,Metal
G4qcPcJXtotZD8W9,Metal
SyC3Z03ujces4e8x,Metal
oopR3eahCDrmbXRl,Metal
MUCEWtXQAoTKJd0d,Metal
O2n48/Uvw+YmFHRA,Metal
TfqRacAj1P8YQ2ME,Metal
488tlsUwdyhMUMlf,Metal
AHp9f2Kw+/QlZEFK,Metal
GGl+Z/Q00adRsw81,Metal
tZbWe7z8PuqHdrBo,Metal
Z4/3L+UA9VtIXrkD,Metal
MtoYpyGerLCaTVhB,Metal
4yQLoohddSrFUkG1,Metal
gkdfHIg24nhgZogQ,Metal
FV0fWXm0rquSl6jm,Metal
uEFoW1BGJ4/Es+sH,Metal
4i4L6jfpQGt8wjOG,Metal
kFtEgWP3NHbTrPgt,Metal
1Tx/2icuB/JBsxmQ,Metal
U0L67Hj78Vn3eKB7,Metal
tAwOlCAoRVpSN6LG,Metal
TJ9QzZIhJRXs38MX,Metal
7ar2BctNu8zlCHV4,Metal
SbvRJ4OpAwFAcg1D,Metal
Dt1JfTJBR98F0C5G,Metal
qMz7V15puCErNGHb,Metal
khT893x5Br2cx/cA,Metal
n87U2COOzlJckZJT,Metal
BFCuv8/+XkioPJI0,Metal
dkoD7UTki7azq8ls,Metal
6bzoxU6E3pgI6hq7,Metal
yQAGA7RiIfPqqwdh,Metal
LYyhHQEonz6ZqjTo,Metal
iXmGu2lyVBR3z21N,Metal
DzONBHBPKFoUNn89,Metal
ELZRwMSIRzf4BLsk,Metal
eDi+Y8D8Rf7FEZ3C,Metal
t0VMlMqiCUNN2Zk/,Metal
ypBk08h7ki5AIr3j,Metal
qqNSf3Uzul76wbXO,Metal
/TEHtUMaXJXhngQc,Metal
4MbMAodROk5mAGgR,Metal
ztbptTze96XmzAgH,Metal
Nzn7BncVcUW5RwEY,Metal
evgEcUqpw7i/kgNK,Metal
TCiwXkOyiX0KJgwz,Metal
ZGx+leeyZehFhQFc,Metal
GoiAs5IgovnH4VgS,Metal
75E2NMTZ15NiclTK,Metal
dwW62ptF76zIBog3,Metal
JqU6yAreY98xV1CG,Metal
hCWzv7zWhzgqmPdt,Metal
ME+vYByqkURaxTUQ,Metal
zrCf3h6xppn5AoOF,Metal
5VC3EYY2r3qktuta,Metal
zejDXyoTCj07rubK,Metal
n8dlPEMZMpmz3XUh,Metal
kk7HvJEXmBYwtBVG,Metal
/1Q1Lw5Y2JBopx7m,Metal
ql3oUHLfGPSkx6Dp,Metal
mFISmC+NwvZ5EOD3,Metal
nJwDc1hZxi9o5HHe,Metal
1ReQFoXQ9XyzZvKh,Metal
A26zplTPqKsJowh3,Metal
QK5s+vIZXluxoj7K,Metal
wP2zONLdRSGF+OBq,Metal
vae5W3hulDatWh0K,Metal
U9ZEH0g0nQq0ePQ8,Metal
4D6XAIvBNEc8ytJF,Metal
5VhwDnFQhJDvrf5c,Metal
p+QbJcyB1j3TKvUe,Metal
yfrQjmRfoDRYH4dS,Metal
ArHjYdxkrzPU2VIM,Metal
gHjpYzMLI72m10Bo,Metal
BMEQHBCli8IGyxUf,Metal
KFc6ucmVoc84ptFQ,Metal
qEtaD1TC0FSDxIPx,Metal
qE24fP+c7sCWv55I,Metal
AKLVzyYWwVnuefG9,Metal
nI+ZK9g91p6RJNxz,Metal
6pzL6IxETohUYyAl,Metal
d8mJP5tCeVPIxufL,Metal
UXA62YY5eONhRkGj,Metal
UA9LlvMuu5+u4oZE,Metal
oRG4pdUamcHWZJsV,Metal
S3RmJKbzOC2LOS9j,Metal
o4yaagy6BGDFRcEF,Metal
XAm7vqSyysLQSjpq,Metal
lfSlFyhUGGiKlFGj,Metal
aTEsRgPORE7fB7JL,Metal
jLCzAU+GdjcJM+J1,Metal
WUu2ZIw9fGUSO6Sn,Metal
s/y4DSye+D4AALaA,Metal
fwfPMRnJQihAsKqN,Metal
CugRv3fYTEoL/Igx,Metal
OSZ901WPDEf3j4sR,Metal
U2ZJz2hsdh1owDnN,Metal
jlpFyKiuvdeCvr7k,Metal
LbFk+TffuWipbxhK,Metal
DHMfJbL8NJuQ8DMs,Metal
FCrp1TZ3x/iCjwO/,Metal
Pa3LSSqpN79OpEyQ,Metal
IdImko7tZzK1EdnN,Metal
YQxiT6L7APXY94R+,Metal
q3S8d3/tPlC+Oxtv,Metal
xNed9suEGapOn7BR,Metal
TXmhrC4q8mL3Aym3,Metal
0ddhMZcowYuWWzYr,Metal
YJOjpUyhE840bfXM,Metal
ctLIR69yaXVclgSB,Metal
HD7/XaIJuUalhPTf,Metal
Jghnu39QxxzTRK5+,Metal
JcFJCBrYHDSR1yyO,Metal
A8KqpLpOGFTWcHqw,Metal
VmMubZK2LdRucVmA,Metal
VIGrxf465pwhy6QN,Metal
t0Wk7De0okwV9IYn,Metal
SySUEvYgjaY/7KSM,Metal
J3Ql/wgw4bhEpQ/R,Metal
DU964+rkKtzhnKbN,Metal
o69Vonyze6TSyxeC,Metal
6nND60F3KKDmxnr/,Metal
lkEcx4hMpSRpl3zE,Metal
8HL2U1QGze6l8Grz,Metal
Kr57nsUhIdJmdfai,Metal
bFwPxkszsOyPgAUC,Metal
bSNC2H9Kx72X5DUQ,Metal
kR7dNweuCa35aeUw,Metal
4hwdjT22kB7af9T+,Metal
GGSq2kcg+nYx7raV,Metal
98+lbapo3/xqQFdW,Metal
r9d5iZlMDrfY0/JJ,Metal
hxZASQmeHizYGBHG,Metal
+kSX0exbbER9yqIA,Metal
+X10yeme95/yy6De,Metal
HsK6JRNjhiWewetV,Metal
xBpKCIEbh69zJ97K,Metal
dswhFatHrfDjJP2l,Metal
GU4EDlYV0fr5O7Qb,Metal
5BXcOZkyMte9IFBJ,Metal
HIGhNo95gosDVmbq,Metal
Cmby7hgdBrfsf3C7,Metal
VDlu3HHu9WVMnZeO,Metal
3nrfQbDsvnnvPK02,Metal
8EW7Jgb9kD65UMKV,Metal
xsXYa4Q/4IcJyRSf,Metal
KOJE5b0URMjInkcM,Metal
aDC8pYXTJNxc2Vf0,Metal
zNLIhSNrfZIwqNQS,Metal
IHSBxVBG0UqsAple,Metal
FH/hZkibMF3ANYbg,Metal
ZpJKuJYp1X3FVUlu,Metal
VsZE+KFDvbhW3BJP,Metal
iIw3Zh18vp2kaR3q,Metal
BC1aqXiQedZhxQVP,Metal
fgiPeSvNup1u5tSJ,Metal
Hl1p76ENhC9+Bx+z,Metal
iIdkvDa0HUsb/AQ3,Metal
PRdE01kfMIWLqlis,Metal
rOkKO99loLjyYr5A,Metal
t6NfALtdmHuhE2if,Metal
mtPHtovgApcW1WVv,Metal
ptHGjm9l/rfKOEiQ,Metal
PSlP+WH6CETC1sra,Metal
t+NBVFxPNtbvt7Ct,Metal
70rdU9dxnl2WDuvU,Metal
izEYA0636dVVal9n,Metal
arS8Qh3k5NebyTx+,Metal
RKtBDbJm5ca4vr+e,Metal
GJwcPcNrL8Y4joA1,Metal
jgMwZJa8GPRCsLaG,Metal
uBrqgBKHYwPwgKE6,Metal
NzPaSz/IHQcZAp8e,Metal
DbXsKlI81mJh3MWc,Metal
Q1q+SluOBWwsXa83,Metal
UbIu1XAAwBBHRwsE,Metal
/K7+ueR0fzClygZM,Metal
HD/R5jkigYK8oMo2,Metal
J0pOlZMRJq4m9QR2,Metal
igXO6v75OuHRdg+A,Metal
+z7DrO3LrmRqQgbS,Metal
uOGeWucv8w2TLYbC,Metal
s0UeZ8g57fr6oNin,Metal
YrNThxTQNN93+ozs,Metal
hWJe0AhshdIR+7J5,Metal
GFxZx0ux1wQ/sSOF,Metal
FMzC1HpEPQ2MZ9fU,Metal
GZ1sYnQLA+SR8EcJ,Metal
aAUHRBHzTRIAuHNK,Metal
koZTIHjrGcdxIWOr,Metal
uHJD2nZ190G/q8NX,Metal
7q9eIsz7J7lQ+dPK,Metal
szxdbLm3ni1/ufcz,Metal
rV1HBQhyV+/DzuMU,Metal
YcnTHg4C4Iuctf7T,Metal
Dn+MlSNKC0Mq1XC5,Metal
zgGb64/qxOkSjSZH,Metal
kqmLxc7mv81xO4tL,Metal
p36bDOAuWSxyGJO6,Metal
096q8m6XJknwE3a9,Metal
AjT43FJmyBpcOQZB,Metal
gm3WwbCTvsklofXC,Metal
ktSIBsq3py+aolCg,Metal
fjIneiRvdUuoC5Ns,Metal
g9Mdf8dLULY+WaO2,Metal
Pg4fMEj5yk/YVkFl,Metal
hRZg04YRvvPrg2Vh,Metal
oPZbMqJj38/ViGrX,Metal
2atZl0WGa3XhWBas,Metal
BCWZEixgfnL96Db1,Metal
GQJsFvtqCHQ69vHu,Metal
F7LoqCfo4dMDRxRG,Metal
LSgSJnP7QlNBLZm/,Metal
62P2GIwEwPYSMkzA,Metal
Q3LDSlLIC/kqsL3f,Metal
4sKTGNXMIQqonJOu,Metal
3sKMLC+LZ5mhjXcj,Metal
KcMbxgEFth3uELjM,Metal
zfZ/keVfjQn9BqgW,Metal
YyVHJAyEDEEHvgqe,Metal
MpPDJ36XfL3CsCjD,Metal
gCByscJakI1SKtsD,Metal
lSoCo9fYuj9xCDuI,Metal
yPULnWy/3wfa2miM,Metal
9PDI3KcA7g4lnmTz,Metal
grw3n6oJnm24RJdr,Metal
O9RL1BZYTdW64qHp,Metal
QqFn5wA5F1E9jrRi,Metal
QWkdpAfw3jhhl4g8,Metal
jIQfmXEah+b/Y99b,Metal
lqIiseeRgRqUbaiZ,Metal
N3SzbT1VJBGiu7+0,Metal
CGhY7yjBgj3owAlG,Metal
bVHB+U4GRocphs3c,Metal
8PLWqRwJfN8fKiMv,Metal
IyBPrUska6nUDmQz,Metal
op2ysDeQOSGr3khT,Metal
EwIjQkchrrjhqv0a,Metal
+BKolo0dfjqK+AQP,Metal
kbkBv0bDB2kX/jBJ,Metal
40/xOQgtt2EAhXzL,Metal
Dr5aF2Bm5u3XdbDV,Metal
ufANWqDPV1lsr1y8,Metal
A3EKTCtsGrHq8KSL,Metal
BIXBf31mwJ0egXpm,Metal
RTADFzvMKVT0J3wU,Metal
e+mjH0MqL8tywKjH,Metal
QBNe+c1S++bxFjZ2,Metal
vN7dDobJrS2dPIa2,Metal
Bd8ufO7wOFegZXVz,Metal
YOl8ZuzKFK6s3MCm,Metal
BoKlLsoypdZ8cpbE,Metal
fhFXVLN6cC9hAG/w,Metal
C2WsBNDJBficHLVX,Metal
BVOEO3oTzmyvyINi,Metal
1jY5utSneT/q08HO,Metal
8W0colSuxXdngXER,Metal
ppN/yUaSloFW7Wr5,Metal
2URUhO86i1LH3SjV,Metal
892vizRxdnTuj4BL,Metal
9SjFZsAlwfS0cw6x,Metal
fQCFKS33nEeQ+vDp,Metal
cCHLUGb0niA2D1sZ,Metal
zuSSEohVn0dRLNug,Metal
2BqWvP+udKzEf2WO,Metal
tMcpTijClMs9y2ol,Metal
tMquA8k/eWi0+fHP,Metal
TeyZ5GmikzCBzjq/,Metal
MRFpMWVuv4UQMB6G,Metal
6fDmVVBpPAIXwBe2,Metal
4VTSyQYE5/dfl0Wf,Metal
qDVei7Aa4rDucCMD,Metal
v0QVg82SiVoV2+p6,Metal
K5mG0iNjVuNmscKp,Metal
y8eCQ/zjQmSFS4nG,Metal
fGbKPLkeCz1rUlZc,Metal
rNuD41cK6koPwwnI,Metal
wHvOe4SjlBX2Rnsb,Metal
Fdejkl3EANTwrf1E,Metal
D+Dgc6QdqisPosV4,Metal
ggnh2X2xkNinixY4,Metal
r0s6Y90CQ2Jhsfhl,Metal
XZ1U92TxtJHEC15r,Metal
v/0S9f5L/UEUzjTG,Metal
+nEls+oIwMhuV56A,Metal
tEJdoI19ZTdM3kIu,Metal
iLww1Fm510rUuSL2,Metal
uIhvRwW9xIGPMB+z,Metal
yy3TQMAPVEkyJk6r,Metal
gGa3QSTsEISJB6GM,Metal
I+OObJ7V93s4UoK0,Metal
xNSIPXbFSwBWxKEI,Metal
zRSlP8BjMwTKlQBX,Metal
Jxfjy7RZ1lzU4HbP,Metal
FoW4YBn2UGKh9S2q,Metal
bvF/FpKXRT3Wz/tU,Metal
zmuZKiwf7X0v1KRV,Metal
XvMScPQCcUrMyGPN,Metal
Comjt3xA+kN5jSWq,Metal
1FOgVQv/bzmIW/i/,Metal
pgr6uBmKr2f18xQz,Metal
CWoTngcIbjUeIR4J,Metal
sbkkpf4ehMO/YQZf,Metal
ZkVCazV/vuFMdGHX,Metal
ig2zVpBeJULOP/jU,Metal
zbcbsoWFDIzl847M,Metal
1oTjri+gGEK9WAWG,Metal
iViGkNJwiSpbDpRF,Metal
YXJn/M1vSYnFBRF0,Metal
zrTnQ/pfGZaQkSna,Metal
Q0VHQEOmnr4j+YCD,Metal
jmLBxC8I9GdVWzAP,Metal
50TfwQZGHVImP9Lz,Metal
egLfXixkUVwYC3OM,Metal
IOI1Hb29LRrNKEZ5,Metal
Jf7c8bExNKfBk1en,Metal
ZOqFomqYk9wiZwf7,Metal
J3VR/izld8+53/iL,Metal
1ixO14eyGA4HK1BD,Metal
fMO7DxtPaNLfS8Uu,Metal
e79DGHJNGqVcNCez,Metal
oVbDCrOLwmBibPEC,Metal
nq74Ku5t+C3+v2KC,Metal
jrPFU2KkaC51irOD,Metal
Zip4YDZz90Wwbge8,Metal
L5lp9gUNlLkTeZue,Metal
iXvbPR/AxqeK6GBY,Metal
YSPv92KUW0uvcwEI,Metal
mZg3TpVi6/RmO4vH,Metal
fWBCZ9iXF9FG9NNa,Metal
qTp1Gz7MhB65JtWZ,Metal
+FX5wPJYk/r0kT2z,Metal
1Lnsi46200V5thLn,Metal
tM2aZN8khRCw7Ykz,Metal
BlQDrzKGq6/PKs6O,Metal
hhNag+fCcwHGOwhm,Metal
t2eZKjn2FmpNK0cr,Metal
/0g0za+5ceHtbbtR,Metal
W+w8XVHRSBguJ88K,Metal
zm1BHkSTYDl0xb75,Metal
FnpA12+5WGGWVw3S,Metal
zbNzeFNAT//wrJLF,Metal
RALq50C3NTn+JTc1,Metal
rueHWZIDMD8xyfJP,Metal
3HsQVP38Bf+fexiA,Metal
4u2lm0UavDA0Mwb8,Metal
YywQsZuABmeiWory,Metal
UndcdV/DM8z+5oO5,Metal
t2cMfemg6jNUN/Yr,Metal
bMFZg3jqar2ceUft,Metal
Ed6cvYlxiSe9GzGK,Metal
XAc3MhqwN4ygvi1U,Metal
kGJ5BmP4fZY9k2yu,Metal
ivvDCDaUurIXJFSh,Metal
ij7GviQR7fsziiEZ,Metal
wHU08j59dzwC+Qqy,Metal
KUQYPXH/5v/FxzOI,Metal
lzy6jTxcXWCun+Qm,Metal
nHsuzSh5FRgGlGWs,Metal
jIrES/Tu1tyPpHcg,Metal
rLrpdqpd7AKuXRVr,Metal
zdlnD4LLI8QMDLRW,Metal
E/Amcj4dq31jHSa8,Metal
SGWZavz5Xf3ObPEj,Metal
pqo0E5xFToY/yQ3X,Metal
qow0H/Dsu1NCSy2h,Metal
nLIsmGnYj2cCciok,Metal
yOvZQkYZKUuTDAb/,Metal
Iyfa67sHS6tEz1g6,Metal
Y8pRoZnskhWab08Q,Metal
qcC9PCrBi+llIWzT,Metal
pRVkiiclpKuVvrNA,Metal
K8/E5vyUiACbfkIT,Metal
g0Ya1/AZAohbD0RU,Metal
309BVN/UvscK4Pi6,Metal
vrdGE0DqrFsaMYda,Metal
Zw+rPWvZacCua4Io,Metal
M5/Mg8XXelPY2SI/,Metal
nwwWZzTSo7hL2dfq,Metal
Jd5arAKhORTmIuf1,Metal
jKrn+IhA7cRZDYUs,Metal
on+5E1ZZNy1hVyn1,Metal
T3ZK/KwD4a4RDhFd,Metal
31jVA5v+b69L6Jyu,Metal
gHjRh7w9xXgwdXgC,Metal
Qb6nat9TyALuB9Xx,Metal
lk/5Fun/E761oMC9,Metal
aO9ugXVCXXw+7HZg,Metal
YF3aQJysJ/gggs3U,Metal
JoIbC9h6f7il9gdx,Metal
wimpuPn1OFjuXte8,Metal
lgvF6Oa2LWlptBY4,Metal
qD15LsLx5WUvUmuu,Metal
QGkeLdDvezb2KY8g,Metal
zwTqLgT6Lf1dD7kE,Metal
76wUDRZ/D1nUvDd9,Metal
g2upBwKgT7Bml/8r,Metal
RsgyxdQ1OjPin6zh,Metal
6qnx1IapG3mIq1/l,Metal
piXVSRNifkz9cDGP,Metal
Ub3eGLs73A0yTAmc,Metal
UU5+I308RfouJJQ+,Metal
rROezFyHci18RBpo,Metal
NX3Ofu65U3ncglX3,Metal
xIm4uQMUMrJoExZY,Metal
z36Y4LFjosDYbOBq,Metal
Euv5dE9ywmm9UsHM,Metal
PXVnK3oi5bYTW1yw,Metal
JGvbI1PsR2TtXH/p,Metal
xhAx/6f7qM1TJf3M,Metal
eBD4DlXKvp9iXK+X,Metal
eMjoWTg0Ipo+b7ES,Metal
S0OqjF2EsWn7ZhzS,Metal
lV6H3u4ZsHMoeZLw,Metal
xYiB0vSt1an1EYlz,Metal
d/IFP5SNGgB51rg1,Metal
kCsParkh8ozULkAB,Metal
f8PpLmFgGUXgheNj,Metal
ZZdzTU329bSJ6H1p,Metal
HVJmUfBjLBssLuw3,Metal
5dHWAMF2vFCopQqY,Metal
n50wejx27dlOCYf7,Metal
iy4WlUD/AAHEFXNh,Metal
yEvEKy/ZSNdKDhZQ,Metal
FuNOBCS6ODve4pi9,Metal
RJGBvz/HmDd69ie9,Metal
/GMTdwb4mfRiPtOK,Metal
Yld785tNJvAj5Afo,Metal
HahJ68Yw8speC/0j,Metal
R9J3K2kOoulaJV3S,Metal
txxrznTS7gWejCQP,Metal
Hu/IJK9Jd7vc8Rf0,Metal
lmCS3jgC3y06vhfF,Metal
UfbaHHqoqPaJzu97,Metal
Nw6J/8cB1maxCJAQ,Metal
Ap5tH9f/iYj2oSFE,Metal
hO8KIFpWPgxYjsMD,Metal
15kcCxEWOg5CHdzk,Metal
P5KCUR2ZE+8nnkC/,Metal
N52jpNxH4dLGluC+,Metal
XzgfSLA76mlNYprz,Metal
mgc7W3kqRTRnu9Vv,Metal
dpceNt96rqMzrx+K,Metal
H8K6OZ5Vfah0fD4h,Metal
XrOnGU97Zr2QmA66,Metal
7XZeQv2MnGOkaxBE,Metal
nB6p/qaEckEbrCvZ,Metal
sluBbdZC87M8Cw1s,Metal
jTFPBCRoaFOHgR4u,Metal
plEgIkwY/tlrmH0o,Metal
R1HdtxS7gOeJd5MJ,Metal
VKpqYUqyes6tjxUE,Metal
hP+QA7Utg9wBXGZY,Metal
+qwW51FHaq+o+5MX,Metal
xGSQNnqHHptA6jF+,Metal
33AoUlSYAv8IagWb,Metal
MhucaUb+SmQsD2G3,Metal
wsiJgCcOu9BF/Hc4,Metal
7WRrSXrvDRQudKZH,Metal
lnWBraGhSQDITUlI,Metal
1pATJaVfBxYdF+f3,Metal
wsrxx0FTJYflXDaj,Metal
fJGEdy4Ql85IVcqV,Metal
wlHH6faNjIhpjKt3,Metal
WDRRyYgFHfl4oL7c,Metal
cQjclmamzLIIQQH5,Metal
RI7wLUK17lVy20ag,Metal
642SJ90A06tmENJv,Metal
wnBgc+HNrRnJLI9A,Metal
+GtXjhQvNQPlqzhY,Metal
GxsRFDuv9wtLNKH+,Metal
cww51TxkMxxcefDm,Metal
wqpzt43YQQ5Ob4eF,Metal
SCHadBDJbvJle4Wu,Metal
lccI2pMNWK0w4q/6,Metal
xPP7KmHBKtWSunKB,Metal
PNlYV/pygvSoxsj+,Metal
w9GOxuCBVnl5xkLg,Metal
C2dXW8A/I5aoy1z0,Metal
5Aq4FVuKmBQRVZ1Y,Metal
BxDzF4G1wkNwAyai,Metal
FI/0WV1NK54oa5T+,Metal
mfPoua/2E0e3EKyG,Metal
BxreFCQRe5pORxcx,Metal
hXhwFJ7d9tP/rIwO,Metal
W+XqekmH087F5cGu,Metal
V2EZdKy6qCg4T42g,Metal
envJy8NDTBr/GoTk,Metal
Aa31cLvPwsu/sBiP,Metal
DO5g8IPONy4WB5ZN,Metal
S10YhzzV/g4bdH7e,Metal
y3Wg3QFbIrxp07J1,Metal
vs7RQW7UKXryYwDO,Metal
LIWqH68tuO2siNS7,Metal
yGnbCwD6AQAxmbGb,Metal
AjbOnhqhXrnBtP0j,Metal
h3wYf8zHDCjvaXhq,Metal
8Huj+vHSNfZv9lKr,Metal
LUOziv6k5OvitoiP,Metal
hm/lNy341C9BBX0y,Metal
Qrh8oFHOIp4AdAmD,Metal
Ff2n3zxxWozduWGB,Metal
nFzNlO8Q51KkmNa6,Metal
ikQ9rOse9x8C/KQC,Metal
ZdSWMHJepNg1EkPk,Metal
XoKzMQ636k/tNLfa,Metal
8pR0juf1LQGqJ+Qm,Metal
qYU5I4we7E9Ypn/Y,Metal
cTuLV7kWZBG9VYCg,Metal
G7xaSMi5JDxF56+X,Metal
W+mSuMwu72xAdR5F,Metal
N+USZR7xgpg43mCQ,Metal
HyIWTDQInYg7eqOC,Metal
kLd9rxr8VqydYvKj,Metal
529y+O2Gc14X+6RT,Metal
pL800X37VZYHl7Q/,Metal
BTQLEEiD2aVPFjHc,Metal
r1WqyK7/4SO2wYcL,Metal
Z/D7XHwf5t6npPsK,Metal
9l5o1VRe6Wf4CxER,Metal
tFl0HZcQewZDpNNQ,Metal
pQHBOdD53HkY505O,Metal
5gjXwsu4I5VnxCzq,Metal
zvR5zLcbCHelYv4Y,Metal
gcEqp+VyF21TzW3k,Metal
9yBwnxax+NVXlWsG,Metal
yVoDJi4BshGN84Y6,Metal
truUmE/cO/eqCjwE,Metal
Z1JuiaFN3tUU8s59,Metal
CgPH1ZmusmjAi1Ib,Metal
ykSSji93x551IYM9,Metal
2Va9G9JuCu5Z3auw,Metal
bI5q3Dv0OfFYTsBo,Metal
xwv+vrkY3CQnOzNQ,Metal
i5C4m3uPfIIi0ktA,Metal
u87BOj6uy3Z315D9,Metal
VR7yXkt+LYj9i5Zk,Metal
XOrNIjc9BvKHAdJ8,Metal
WPn+RFa+A4qaTt20,Metal
OencMcmppy8sfNcy,Metal
oiuJjpeEPjBE4F8H,Metal
KbxPSXM7KTat595F,Metal
IHBumTKXkyv8QZz/,Metal
To6+DBIBLFXBmJ0Y,Metal
tX8Y6aSpb6RIw0/A,Metal
36LjCZ+JdzmEZBtj,Metal
ymcMv8eKizGba6nm,Metal
YRYmG3HV033JtZNk,Metal
/nEVTS0vBQoga3Pu,Metal
naKb9FY/mKMea4mw,Metal
zuvNMB8Hghzx+GW0,Metal
S4we5b20GFhsKu20,Metal
DvoSd4pFs5pt8SZe,Metal
Q0KpPtRy73l8pvJq,Metal
1O5v64W1nUYBlECc,Metal
TYzg6bsDbLVMqdzg,Metal
xJSW1aEZ5PA0xF5z,Metal
0+bGs2egy4GkN6PT,Metal
WNYiskg3nQtAuDwK,Metal
zt6kOGNUhcEAJfno,Metal
GR+3KkJmXXliWIQf,Metal
Ob5zSnp/fK3cMC02,Metal
Wnvuzn+ov2QlMbot,Metal
vqYIBEjfRn04Nnws,Metal
4QbUTTXz46mCnMcq,Metal
AnS81xnALd6u1OWz,Metal
7R43nVWorkVGF8+z,Metal
Gv6HrhABF7XknHVY,Metal
bjSr/IBqTvXYe7eY,Metal
b7y+P6IXXiNiEdTP,Metal
5FVsxJnq4Rtlyk2S,Metal
TShANwVbOB5o+I8y,Metal
YoVFNIqaOHzIV6iY,Metal
jXZmH2RCuLUWbtee,Metal
rsDSL1Y4KSPwP1oD,Metal
DDZTt4jCFgKe/PzN,Metal
S3d5yNRkZMczQaz8,Metal
Xr6cfe5FBwoBEdka,Metal
xV/qOsXvLO/Q8AN3,Metal
y9P+V7/ZMbNZv+cz,Metal
yi7Gm3kGCBJ6cL1w,Metal
H+bvTUKMLomnIOEq,Metal
tj30IbKjXd/0DtSX,Metal
2C7GoH6tCbvg07x7,Metal
kitWJPAZ3TsGL9Vj,Metal
T2QQz33sBlXd/lfF,Metal
XxJnuMDW9xOxe21w,Metal
+6K/Z7PnbfOiBPag,Metal
ZHaeMXJHjlATDFdu,Metal
im4epGrEOMa8eJSs,Metal
dC9imeydq9zuYxvu,Metal
ZUK5baBr4HjayWc6,Metal
iG4qYKkpuoDy0OpA,Metal
dXYwYzpsOCcYL83c,Metal
fTcSwVoTODQlKBMO,Metal
1yZcELaKA892fOqU,Metal
V8NI6/xmCvo34k9k,Metal
CVo955f6D2ZFSxL8,Metal
WgJuyDQnWfjWZftI,Metal
iYQ+AA9DP/tPJGjh,Metal
7GcIh9Pz9UOZQE+S,Metal
NTE/3+G090wnVmYk,Metal
w5iN8I7imJlKz+8a,Metal
tixkjDN/iZlxw21j,Metal
sc8vYSk84ioZspcy,Metal
jvVLhrOWQaGSH5NM,Metal
78UlMPvQcmzN/Gql,Metal
cDuWi1WeTZEKaQxm,Metal
JAE4jlD+1I6IvwIT,Metal
197qrNTfQUnnKI5n,Metal
CZv7pVvURZ3W4A8l,Metal
YdcV1hf9I3zWImIJ,Metal
W7NKHJKbZAc8YTCO,Metal
Wr/0vLqm7tSXGoUd,Metal
IhFDWpUZEBXVcOHZ,Metal
3D3XFsu1mhf8BIAu,Metal
N4uUjOiAnFViywSr,Metal
I1Awyg6meNK8tU4H,Metal
XgeYy2abIMvd/G9L,Metal
NdsTL9egH9RJ8tD1,Metal
QtboVtBAp6Wrkse4,Metal
4JhW6JHjHlNsSMrS,Metal
ni7Yjv/TdPSN/Kmz,Metal
Z0VCVLedzaqDtYuM,Metal
TUiYgu7c8mRvXFkB,Metal
6OD9LHHZAF9cntJK,Metal
SrFaAsXkF9qyVOhe,Metal
FjEP3DA5IUMMbd8p,Metal
+0MBcR43GpanVuog,Metal
3vs9ropAPIjpTzTB,Metal
Wat9bmprUkf6wHkL,Metal
wDfCSjCJxtiSufWC,Metal
5z3jiA2041YfqG91,Metal
Nt9doz6bnJFGiBty,Metal
8GCN/nbdySOTnceh,Metal
0WUpjAKHOAYE2zah,Metal
4XyyMY4FUb1DXz00,Metal
nD3E4FCrnunVSCKB,Metal
BhenZk6PD5PruVsN,Metal
1K6XrkKAylmJBaB4,Metal
fMqeOVaReZEfhuQ2,Metal
em54H+AlW+YE6qNJ,Metal
peLMXEm/n1jTFJ5n,Metal
OqjI6rHv4Wk1+ftt,Metal
uMrW+9bo1iZTe3R+,Metal
o4wlqv625nmlGnR2,Metal
a/Abk20sqOF3Cxgf,Metal
U843vAFTYJ7YEQt7,Metal
ZWnRR/jil8Y+c+eE,Metal
3v86l+2twZECCzT+,Metal
PMhMNBeJSLDz5bmH,Metal
Dlog8SZs7bhcc0fT,Metal
Itl1N9DzMtNOb4Zk,Metal
LdRjy2PrDjoE8mzu,Metal
92X94oQgIuMqItly,Metal
m92dx1z5FFarBFzT,Metal
HiucjEEyX+T6mUBc,Metal
bG//Y2OcAgfU76QR,Metal
WvF2rJu0QNL/QpzN,Metal
Uvh6eMHgSk7BFRba,Metal
tdhH10pvT45zOIzB,Metal
tO7Jsu8Z1IJALE4o,Metal
hjgcbZOcOClipLqG,Metal
vCemkJa8GBsZraq0,Metal
lNrNJPC+0yPyTNV8,Metal
1z/ucQX/PG7OjfOI,Metal
HutxG41tFrSIxBC1,Metal
Lt1AfTaC52qwJ36o,Metal
EVx6djYzdiNDH0O3,Metal
tdA7B7IjbJxKcL7P,Metal
bDJmHWhHED8424Po,Metal
guP+3EiVA2hEte1+,Metal
7oY8bq6YlJZPNTKR,Metal
B8Aze88frjI+mRfp,Metal
JPN8/jMkoTVP69Yo,Metal
c939tOori1NnXtVM,Metal
5kV6Laxe5pGmYY1F,Metal
ZMKw60sO0SeXDtfK,Metal
7fg/VaWJdYDEO31X,Metal
doPK9nnhjcmSvGYT,Metal
LMb0aKvxVw8EA6Y7,Metal
yrIoKscNPGCUNweP,Metal
1AXVT8C1GgwLDZFi,Metal
kIMjrYeroCYLjgAd,Metal
tzyGmvM5nwXgO/Ej,Metal
aqJEzWbq47pF0dxU,Metal
Llo8SMwq5q9gRVAt,Metal
ySY/imT7f8/0RN7n,Metal
2NjYtA33NgYy/Xfu,Metal
Luu945NX3PWAjJQ2,Metal
be0WBzICIZpQRgpi,Metal
Uymyqr2bq8LPCH5d,Metal
R3alE5gdmXodU0Wd,Metal
iUlEZAgIBHe8xYnA,Metal
e3QNAihEroUFlDhu,Metal
VIRUqcaAtIrAZU3C,Metal
JViWbRFozL1FmbSD,Metal
NV1N7fqLsAmEEbLu,Metal
SFsUQoFxyqzxxDst,Metal
pYDLRGLf6ayoDx4+,Metal
UhbVipa/AHMPldss,Metal
noqAWfpih2K3J5Sr,Metal
6ivSfIpGvam7/4bo,Metal
0RyPonZT7bGD8nOX,Metal
vC49WAa/pIwxl8gt,Metal
E/xptLUdvudQHxi3,Metal
P3un5SiAfRNgPP/h,Metal
qPZwffPsgo9uw3t7,Metal
iQmJjhZIYsBPWo8L,Metal
RU92mBEMNO7PZZnr,Metal
on7a9kg/QUczxIyD,Metal
Aaj/TlK3odOK6hpx,Metal
8CepRSeXSaKS24lv,Metal
ZwUSLUojWIM1TNIJ,Metal
DpfZreU+6S2z1Y5H,Metal
THGIRp28I4uDUeJW,Metal
QfK+ad+Zg5KtOBPO,Metal
iTvw+DnJGEGp8SzO,Metal
lGsRTBCPtA5XGijh,Metal
oaY24+MF2MgVMCJv,Metal
9DNxsk/PA1VtVi8K,Metal
CLPXafnmHdUdkXMU,Metal
yJeq2vZ0se7S7gWX,Metal
EmOWLGhZFyOB89Nx,Metal
S9m8nq/jrX9MmzHB,Metal
ZQLci2LK0DU7/8dW,Metal
wFVPvXtX2lqaKvoK,Metal
fEHgTJGApedfjomU,Metal
MQYjI8il79LpWPuu,Metal
ygqbXRCVOD3nLNeY,Metal
VOqv3g5RruaL2cay,Metal
9Fy92BX5pupoVNTj,Metal
xlsLICiVtISyLfUv,Metal
e0QPnu5HEXBuhkua,Metal
rCK2XT1eOSxYX7nZ,Metal
2O7wR5aEDTPLZZwF,Metal
+Lco2QFksQQ9MalQ,Metal
X3wFFRtA/TLcsfcY,Metal
5iuWfXp6QxMk8dP1,Metal
nSIBDhhVx+dW4z/C,Metal
LI7lBfuY3tNaGZPP,Metal
8oikXEPePOEDaAq9,Metal
PKX/65m8P19g+lDi,Metal
xDqqiSwlExO1tEyI,Metal
h/s1gdxZDFfTlGCb,Metal
AsMznwQvvWrx/wBu,Metal
5L4had+lnCaqFtYE,Metal
am9gaUQkahNqbiYE,Metal
fNSrt635knE6ao3f,Metal
MjHgtaX8CGmR91io,Metal
PU3U5Mr6quRMbzni,Metal
MZR1RjCOncKDu12w,Metal
5sIW7m6T4D1Uqgqu,Metal
UPX7ePQauSUwoGsL,Metal
DxJcXnDSNlCA/9Jj,Metal
c6qrmhBD6UelusC7,Metal
Dl48r7EVXhXttcV+,Metal
s6ZT7iec9wNFoSSI,Metal
KJfkQDnjikd5gFAb,Metal
eS+NSK6/aiFXYHW9,Metal
SBlL9BmYG+4DCCS/,Metal
0ePBnvG5K6kzlfcK,Metal
xYKWjmEVGh6PbL1h,Metal
N19Rf8Qo87h/TaHY,Metal
v3aOHfY/jVNcmP1P,Metal
Q4ZPBW2rC021xRkV,Metal
/lUYPYEtSRryDi0/,Metal
STl5rYnxRi1YuSfe,Metal
9xdOCxHUuHocQ/Dh,Metal
ibZqcR1ddghfCk5I,Metal
RTVPRPSwBGRrPFwU,Metal
39UqqfoWmV+t0qzU,Metal
hAUfQB1moCF735rB,Metal
FkwG4Ie08BoICw4r,Metal
GXCEGP5DCD1GWRSl,Metal
ond5bIbHhuQ3jaow,Metal
1P80qlQxd2oYgNqe,Metal
SL/uCDus9fpByaZO,Metal
3yC3wabkWAP+7UBi,Metal
tjNQB+Oi9rkZ78Uv,Metal
CiBdSKqrlXi2QZ9z,Metal
I/uVuim/C035WVfx,Metal
yIyMMVE5qo+3pCqf,Metal
ouHmZgfcTW0xPUZz,Metal
i2mUCFqddnj4sJwu,Metal
fpW66AeuS+UuBDtj,Metal
5FShkfT7papvOXGz,Metal
pYu93gc4AZWXh+tI,Metal
iSZhVYJ/mZ1Xms0B,Metal
vif410ZyPfjC3nZM,Metal
ukeCfMD5rlyoh4RF,Metal
gcbApX1knobtmuJs,Metal
1yG2xvLuSm021dI7,Metal
lXKKTdcLsKx9r433,Metal
rCDr1gMd5hUz4ouy,Metal
xdJj3Jg3NsI8+BwJ,Metal
pumhlxiGznxG6nKa,Metal
CHuyiiMRC4jCO0tR,Metal
Fo59/OtsRsszigE9,Metal
jbaxeNQXR1d7DDSG,Metal
U+xp5jXcA7yYpJ4Y,Metal
py2aJy0ubu3EGsaG,Metal
OI9QTMC/Iw6HCPww,Metal
e3L8qz0dI8VzVvEC,Metal
tdo1q8YUyPXcffve,Metal
PcsHQHXTxLJTq6G2,Metal
wcELVaNQUzDe8pXv,Metal
1C896D8kjWdYiweT,Metal
Ekvr99VaCRdEQX43,Metal
fBBre6+h+++lOh8m,Metal
YmfKrK5T/WzUZSP1,Metal
HrlKx440uyxNDyro,Metal
GzYnaKxNKIfOtGeM,Metal
9gnMaBK4uwlsSYf4,Metal
D9cdFOEZVcJ/2vJN,Metal
01JfOlwC2c9MoIEa,Metal
TQ6BltWcpTWi4YFR,Metal
eB2bZghn0PM9VBWH,Metal
rtkJfYM4PeXkn/Ov,Metal
RoWcmRod4hm0o/k3,Metal
9AnTcvWzDorEkf5+,Metal
MgYXItK4H66XJWH8,Metal
FblWsJc9+gagnHLP,Metal
A+7c4TjaG7jytEiS,Metal
oX/zOUqUx6ODRLqX,Metal
0C3EFyDOXbNSpV3/,Metal
Qzr1CFsDu0+oH8oH,Metal
5BMXb6YkdJM4Umlq,Metal
nrtZoOnJH9SeVQWN,Metal
l9YI2BhoBfC352A2,Metal
BYsP39J6uxuS9M0d,Metal
4aFtYCkv0rK6/nUa,Metal
fNKIy0mtXu5QKwdu,Metal
q+48kSTxvc1GS/pJ,Metal
QAHoEuPkW8DP3F1E,Metal
5aMrMkI0GOdmFP9k,Metal
+KrlGSf2BNJHgTVD,Metal
+S/nl6Ebd68Hu3dn,Metal
0W+uxuQBgjUI7r/M,Metal
w8q9RobzQ4aMiyVq,Metal
ufPD2aCmokRcPECY,Metal
S2PAWWJPWXFWb4hD,Metal
+pDkm18g4N1OD2mK,Metal
LV0aDiLhyba6+tmo,Metal
pt+NylLKSIItE5mo,Metal
dKFmhVuDVyBah007,Metal
WtWF8H9lKvBVGxzK,Metal
ULru43gNrsVuwgMT,Metal
hxWsVGM5cdkOb8CC,Metal
B+xwdno2w7CtDoDJ,Metal
yL4tvJILOyQS8Ue4,Metal
NJKWFQyOcnI1LarP,Metal
ucjUgZk9s3UADF78,Metal
Qp4LxOqj126dwPtv,Metal
JpduLDBL1gQmIIoT,Metal
5qkpllok3k13KQ4F,Metal
fTLqU7IqnzV09Dk+,Metal
h8WZEttdleDlwavd,Metal
fl85SsPH9pFtjWXp,Metal
kzxvUrEKS+Um5o55,Metal
iSZRlSu2az+IJmm/,Metal
qVMp9NL3SQAbat9v,Metal
1YGRdTYiFy2y8dU9,Metal
XDkjaw41TDJCGKsA,Metal
ToF+FwKqHZMNoRg+,Metal
BpLGmYLvILrr4HfG,Metal
QSTzaQUn2Ozbe/Fm,Metal
Uo2uHGQngYStdcpb,Metal
ky3Sms9nsYttufVi,Metal
wn1rnBZHsOkT3yc/,Metal
Vjbr8DkqmPW0R0xK,Metal
eLn7KLX4gus4+GIM,Metal
ejHOheGAVj8skLB2,Metal
YbG9vD2nl/M+D2ac,Metal
54/uZZzCixCHNy5r,Metal
3ylKDYxhxYAqldj3,Metal
dTrOdquv5CQqMjbo,Metal
V2NnqA+gqgCDwAoO,Metal
F+WUcnmjj6GzyviQ,Metal
p6VXXyf0Ju51hbiv,Metal
jutIcqex96ignIHE,Metal
HLwJ9xcDGLPvW2Pu,Metal
6v2o0xvq70QJe3YZ,Metal
ws0x/nSv/XkvQq3H,Metal
srYAG8rrlNoc4xJV,Metal
Pq0tgtOOPyynfgIj,Metal
RkUeGbs/0HPGqtoe,Metal
vaagwpvzkRgcdq1Z,Metal
cariYKwpRqHkhiAr,Metal
3hB1tJxzJwOaFq4c,Metal
azhoIQbISvTBxDPv,Metal
bSDfN/gTK6zbI0xH,Metal
GERkqY8wbd/zl35E,Metal
IgnTi+YLUYl4akxW,Metal
S8xece7reYP6bUSn,Metal
89Et7OuKSnErd+K8,Metal
47lQ/fecnt//P+Ts,Metal
r/j0FnpozUb66s1R,Metal
QB5ma2FMg8heomJv,Metal
4sFKVj7kwFeP76xV,Metal
QEeha4OWLP2lnODb,Metal
vnuUAbV8An5joQ+U,Metal
5MyuXr60mDhTsfUD,Metal
BKsIho4zpXQ9AQvi,Metal
GPQpmixUEqEhV8KD,Metal
hsOaAQvJzbf36GIk,Metal
1XfWcDhA54QXADyM,Metal
KpMmae7g0/TfjQLS,Metal
BU7ot5ZJBiROwtok,Metal
5FZpsjQchsA3fojS,Metal
/tC8jF3R1eQQUCWV,Metal
DhqWrm/L6Mq4ueMD,Metal
VY8CiHEUZb/BCCob,Metal
1vs+LF6a4ZTN6YKa,Metal
+MAa6Ti0iEyiWF9J,Metal
rIdVEEtdVcKTTH+b,Metal
7BLHBH0CJhqoKC2m,Metal
ChdKO4v3NudrTf10,Metal
RtVEgSX4JsxsdnIj,Metal
9uXNaN7TuvzNiMwl,Metal
7rCaouWVOBsEeiVk,Metal
l0/jo9PU5GaLIGYt,Metal
YoZeBUl0prKKV7PF,Metal
nmaLSaVEKWVvlmSB,Metal
aJmxVpsPmiiVy1IP,Metal
e9s2ENmFFCaQJLhS,Metal
HB8lUbvqTyINSnrH,Metal
rIeNPifWO26YnQoN,Metal
/0AgRHKjUpTRGxHn,Metal
UuwkjMZZubLuUKBH,Metal
kNQJMmo9VHuYdNpD,Metal
5mSGfM+qfrBMPNk0,Metal
X4OL0Pg8xrXC7PSc,Metal
EtwU430KHSAslrH0,Metal
5O4UolW9NC5vkXXE,Metal
dXMsztToGGr79DKF,Metal
BfX05QS9clUG2UXJ,Metal
Mm1K9FUZBmsPG/YQ,Metal
x4ZOQUvH09OeHqjo,Metal
0z4ck8mGmoe4twrM,Metal
DMCsnhWzkkfzHBGw,Metal
j7sjRFUPxOTtX/0N,Metal
JJ4fwSi1WoWzXDX9,Metal
h5DyxaXn8eg3C96i,Metal
migzZl5gvdbwNzdK,Metal
95efrTqOPf00jjhe,Metal
+wf43DvaaDOtjZEA,Metal
URoQCqEJ/qwDuII7,Metal
wasMgXD7ylOS4IV8,Metal
KPqlGgo26sDvuHzv,Metal
ZhjZ0G4jxiqI9uaK,Metal
WoazU5V5TXag7VrQ,Metal
Y+jXsFo3dVcuFpNo,Metal
CCKgh7dYivFKPYYm,Metal
bWW3mgFJN7daHCrX,Metal
GSNerGIdp8dAmTYy,Metal
yqnc+Q8NLN4K/sOP,Metal
QTd78D2pwMTP433h,Metal
T5AH8J4sxJBk/IHW,Metal
QruskDrZ5ro4tU49,Metal
X2IUp6vOJsu1okQt,Metal
B9XKtv+ju+ExzJLZ,Metal
KKPB49rL1AVZcSqx,Metal
8a8vVMrl8YiiUacs,Metal
a49pmKrwS651TSm1,Metal
7ah0K1wV3U5NTYuU,Metal
JSnh88LptMZp4h04,Metal
sK7jDFgUZAGO5wYD,Metal
9pOg8adioMli+qNs,Metal
9HEfGZsfXiTvE4NB,Metal
P6LV7foq5zA/qmxT,Metal
37tYoj2kGWng6MOO,Metal
uL6T/imbA1OCRxuu,Metal
vEKhICSwYMKCYEhE,Metal
Su810SlMR7T3+O0S,Metal
vE3xrJH4VpS/SKK8,Metal
6WZ67V+VED5qReEg,Metal
hw1FLeZJX1WHzvC/,Metal
n/XAoYafN/xdvxfm,Metal
/CFE61ExZSp48sFC,Metal
mLeSbBynhhvZAuA0,Metal
vmTtdkzEMad4uA5x,Metal
D9dSEZrwNofbo49T,Metal
SKYG1A3d+A+geXhV,Metal
aIo/6O7yyBaupKQK,Metal
kifWB5MK1ncMsRV8,Metal
aXNSk26U91fSTwxI,Metal
gIk6rlkv+7235RYp,Metal
QllOYnZDCyhDVsE1,Metal
CzP4is1biCMZ2dc6,Metal
87jt/duTBId0kYM2,Metal
/6EcDPYJlfkJ/Wpe,Metal
rnKggi58W66WNfpu,Metal
tIunIihleEh3igGA,Metal
/W4jW/1RdQc/72dW,Metal
+IejpTIsdH/4393B,Metal
m8lmb9uNQhdd9Lkv,Metal
6uqdj76yuhDOD82t,Metal
dWCfyytUQnAIMzlm,Metal
mw9P5VOD0dL23bFd,Metal
/ak8eBkT0oLGHEl9,Metal
ip2GTE4ywNV0ZDu3,Metal
Qo7vHBAbFgYqPN0A,Metal
p2j2ynueic1CB5Kc,Metal
MEJTqguRzFfSMCBC,Metal
IcgBG9vJlq45ZjCT,Metal
rvdduoc27mR1Gscw,Metal
OZBrvClKdJ9nkWZg,Metal
2vuk7VPKfJ6nqSiJ,Metal
KBAf3HYxBQiaPZKb,Metal
drIFSTohHL3eYGYB,Metal
RNPbUVuKUlx7fA5d,Metal
qcF1bOxvvcYc4JJ8,Metal
wNQkhhp2J5AXzWjZ,Metal
RC1i61dYXjRL1GaF,Metal
EE/ALyqRRK9uKyA/,Metal
dmxXLqAXPYerr3Z3,Metal
ijljOD8A8yziJoW4,Metal
Ge9pXREDk3Jl0F5R,Metal
bO05jwIfQLq6p5h0,Metal
tCqMyqp9OXr3dNwk,Metal
n6wH4iAMYmNSoF6F,Metal
wrdQf2vW3GG6qeGH,Metal
vRRcDkBxzxfyqZVS,Metal
vlZ7UqZQT5hN7vFj,Metal
7DEKOw2y31vOum8h,Metal
TEfKYEgLDNJAGnUk,Metal
IIHPQrLfZ74QFB67,Metal
bGq7MIc3a8zYkb7d,Metal
ppfhkbnIZbPbDyMO,Metal
KtBS98jEj5V0++AU,Metal
VHkc6CKC3/0tVSF3,Metal
WT2q3DSsn1cR2qTQ,Metal
HYP2asRRYohEF58Z,Metal
5tl25sq2VyiWMTzM,Metal
LZ3GYWZg/vhcKjvr,Metal
gs628rlcajAHWlf+,Metal
/8IpHG/2u3OtiJiJ,Metal
bIa/hoEOKlONPNys,Metal
VhsBF4f8H4qk72sa,Metal
D83s14+Pcp3Kf4YX,Metal
niuDmTlg4bvAdzyl,Metal
bFtU76d1Vj113d0w,Metal
QM8n+/t7ZGGbyYDq,Metal
dMoJChmvagtZfRyF,Metal
osc2kbWWsSsRp3nW,Metal
XcVQqn23EWQFV70q,Metal
U8WZMGcQonUC9xwf,Metal
a+NDPN1oXrGmuIss,Metal
9NHoIP9j6XoS10s0,Metal
1FMt5pz9zNRP8yuR,Metal
bV+/etqhxUUPBp2+,Metal
/Sjq2cLziKq3/1lm,Metal
HUUjTFkoxn+8S5M3,Metal
sVwNgmQ5ikAMPwDB,Metal
0bXR8GOzu81pED3s,Metal
am26WoCIMrGjCIRw,Metal
v3tjmVaDJemNipEr,Metal
c7Lwf8kyN9hlxV8+,Metal
izfnUOGlQdfotfl5,Metal
SHH646VlIkbW+Z9D,Metal
SdAw8ig7qYevzwEP,Metal
9DLhhydfmkpMIqbJ,Metal
m/cxyevPbiaXxAvO,Metal
4atF1ND9ItqNVuCZ,Metal
oOLVE3Cx9Aay5oCn,Metal
Dde/9TfEdSihWVj/,Metal
zC+Sx6PzQoDc/Vus,Metal
XX+iQwihlTsIgJl3,Metal
Ss/Eg5GTQd4KqxZC,Metal
Vs7w0b9kzV4f13R2,Metal
hbItQjE0jegNNMEZ,Metal
OAXg5rfuIwzFiOm3,Metal
gRlBJhlphtwZMacE,Metal
nuUgrlAqzchA3HKN,Metal
QvvgCtPafgnQHq9n,Metal
U/eQFQZGrRqyAbsw,Metal
WjYe/4oezTSozm24,Metal
X9mWG67ehseo+hwl,Metal
0z+Nb3mmQgYzGEo6,Metal
CmXy34fa1MSbOEe0,Metal
Pe9eEpZnqst9H4cf,Metal
jjkllNmVPHdNPGZx,Metal
flU6J0pTAilE8Svu,Metal
sxJlJvndE3OEnolP,Metal
FLajLqQ13QGBq7bJ,Metal
2NlnwQM7ar1NDYCp,Metal
R7rJaZheh+OZ07bO,Metal
uUneTsmZwkOiszcf,Metal
UdeI2BkEd4kc56Nh,Metal
h6x5ktKR3Ul7BeBP,Metal
v5ZXRCbCQy6vZ/KN,Metal
p2aoKK2nDdfcVwRI,Metal
0uAQEAf6ck7q0LXO,Metal
nKsIOM6rgkDBPDiP,Metal
XC66pxlOWc3i4yod,Metal
TNjxSNOMHWRMVFTW,Metal
Zx8r3ZpqoK+o5O4Q,Metal
LeaLsbVrZ/k9guzR,Metal
zi/nqLElBz5X834a,Metal
FzuiR512TSufsnBn,Metal
ljGBc/CJbghxohFh,Metal
flVQQllNqPPU8tNN,Metal
P4PH8pbXcrBcuoM8,Metal
SohQA4IpEBCb5JDM,Metal
NV2QfHcV35OBfKkQ,Metal
7Jyqckoi1LHdPJ6D,Metal
IWj1bZ5Ed5hJc2+B,Metal
Quc0xNxdgoh8V+0+,Metal
Sra0uzth7EeZRzsk,Metal
vUer5kU0a4I+Bn/b,Metal
cNI0chDU5EgjD9N2,Metal
JffV2u7B21vh8WG1,Metal
Hln7+sEFfflvIx6t,Metal
AwjdCczxKST9C8yx,Metal
LCXVC5wiar5RY82X,Metal
OOyRhcwWASTc4xon,Metal
1DOwZD//ZFbIaYD5,Metal
Xh2cRSZC0QhEeqKG,Metal
fAZ1s0MXY66JjK05,Metal
637ugTKahVczB4No,Metal
be1abUfvVtumk2+a,Metal
8FPLKBzqa5G2KakS,Metal
2WsRq+Ukwx3cdMci,Metal
SH5vzT1DO/w4nVFm,Metal
nKh9V+d/SG4kGmDa,Metal
dYccijr7Vhe0wdmz,Metal
LwCIGTrNiajBGEx+,Metal
0a5T9S5eLChwhSRs,Metal
3k+sODnLG4QfZK3n,Metal
39gNJ+a2QorsFzyW,Metal
vQP1SJMeqjadzZZt,Metal
pOIU/y9gbiVta3Jo,Metal
kzLH+fSuITQRfYDd,Metal
eW6hpvUZkgrGmJzb,Metal
3BC4p0gYtjPNHrtp,Metal
K8EqJflsvCwf8oFI,Metal
4AW/bcl3ywkvtg8E,Metal
DAJV7yMgSjxEJR8h,Metal
AdN1dRwoZeuv5HIo,Metal
lnShIRiCj5AVDpmx,Metal
9jZpTpdmz1kbE+V/,Metal
PNGvza7VwjQG/10b,Metal
UEK28SK62DR0Sgh3,Metal
9+AEv7dAM/Ivcwno,Metal
CQaqnSf3PRyhyQRV,Metal
dUNlFnYMkQZQ9mTQ,Metal
B8dzVixm/xz7vz63,Metal
eCzIcYCMPKrp6a7s,Metal
WWYCjBcYWGChkRCu,Metal
x3zEV12EhQJl/oo0,Metal
kUH3hzvGpc082hfA,Metal
z9JqL6IJWkGe3d8A,Metal
n5CD46il5QdvI0vu,Metal
SjDBnkhSqEB5FVgl,Metal
9LF/yTnA/ZDcWOr0,Metal
reFJSggZX+UZFlBe,Metal
oPynI3YEORjxLIXb,Metal
8pHW0ChxoJBgckRN,Metal
eoIL5NUcli9UB0Ir,Metal
yLwT26R+oevCxpOM,Metal
R02HHRxe9/rAtCwk,Metal
2cAsOJqRTw11HJkS,Metal
7AtK5jVKozy+UVNm,Metal
acDPiIvao3XK0k2g,Metal
UniTQU2TBZj0idx1,Metal
hGsSOCXl8H0d6AqW,Metal
fcLGq6wHCQdPvWJh,Metal
nsB1hap/ZrCNsg8/,Metal
Hbw1lWriZz1l0YVu,Metal
tmjkVoxtkzv/Elcm,Metal
pojtpEPblivNtK9h,Metal
JFsJq1MjAsF/37ee,Metal
UAHQ8j9ZuMVRA2wH,Metal
MIkn4pGJTgxFs/j2,Metal
MKbR94/r06KZZG5i,Metal
75lIXVhyN9i87iM1,Metal
PmiNcLpIKEcs7Tz+,Metal
XDemr2VTVgQtVLjA,Metal
VbqpOJTL09w+JEr/,Metal
QvFcQLtpVI7gT8JV,Metal
As4kZwom3Qa7xlnb,Metal
+vnrb5IPFXFIGjKt,Metal
x6PveBMfSDSvCzTm,Metal
Vc2+GR0JK0Vz8wcC,Metal
gkSUtBXvqTxUwQ8Q,Metal
fwEmKP8JFczEkBUb,Metal
zoYjMmFpUpGJRH1x,Metal
2UDHk3Y0dn6huHjW,Metal
t9eCYs9akwXIemtK,Metal
h3EpxnLVraxK0VsU,Metal
4Ojni8BvsMIHhbAI,Metal
N3DiN24ZJgXYShFR,Metal
yEkBkA5YSH4Ippu0,Metal
cDbgNAr7k3lvHW5M,Metal
0RN21SIhoqlzQGML,Metal
UXbfIraQZBCTAjAe,Metal
tAbxegkYfCTPunGp,Metal
OaL9wGCUy6c3GDhi,Metal
h8EzP/kZrgZFfFMy,Metal
d60JJ6r7MN6bBf2O,Metal
0GgTapcfwmfS66QX,Metal
SNeu99oobG7IRi6W,Metal
qElAXpEcm3V0ZJ8/,Metal
WAh9VL2+Vmnwix3B,Metal
lc2n/WhByI/WnuEY,Metal
foKzmAURLjS3WcuU,Metal
VFJTQWMI0HkJ9jhD,Metal
brv8vWm391iwt7Cu,Metal
7OJDEJwQRzbolbmE,Metal
DWvp0lJvWHNUKi9O,Metal
+YhirSenSE0iqidP,Metal
cPC8EjdIkmFIEf0n,Metal
PiklYgpwzf+SGqUK,Metal
IO2YXXEH01nPKs6u,Metal
J1ds4ysQP0H/3vZJ,Metal
lYnBH5deJjfyTOdU,Metal
A789muLExEbjS3gT,Metal
Zw31rMaI7+8uFPfl,Metal
UZRf1cwYK8wHcZnn,Metal
VQUtVeDne+Q0B86r,Metal
yb3KrhXfYTttVp9T,Metal
UqzPdaSGg0Sg5Tos,Metal
g0tx+J+aJ/w5b0rS,Metal
2ftDwZ152XnBxS5D,Metal
JJOdKpZnxH79EQKN,Metal
RN2AR64/9UEt5JDM,Metal
y0aYi93g0ICSM9ga,Metal
SM/YCxCRIn+aBxww,Metal
7MXQ2POhbAJRfXPO,Metal
OK+IcUmj+0SOVrKv,Metal
oii69Drixf6UBj25,Metal
V1SXqg7brrxfOhDm,Metal
t+Os4Rm+I0yYvuyz,Metal
UhLDPoswfPJ6tLpM,Metal
mtMO3GRdOcIEdKy6,Metal
qV9kxcqYl6NWITi/,Metal
UCmOBmz6jNKB0L21,Metal
F7ea4eE2yRu7X1Yg,Metal
skq52vE5OhvvTTu3,Metal
8u0ENzUnmpVQK2nh,Metal
gkw5EDOX64pxLQ9n,Metal
W/KiBf1ifweAFf/W,Metal
OlukNCMPySWPT4zK,Metal
JcKCG+BfD8urLZAB,Metal
FzZ2uql/nYPceRPs,Metal
PN+a0hyHla2uI9xv,Metal
tPu6t8CBZ+1yim0Z,Metal
Nj2E7thCSssT58/q,Metal
QBQMXU4/r9ORB5ad,Metal
k/zZ5u5w2yLKLGGJ,Metal
WC7Q34r0yeI/H/6/,Metal
kPgvi5CZX0sBoyeu,Metal
lPsPzZUkeaBkNQmf,Metal
x+HAEo6KbiGH4UBF,Metal
GYEBpZl7hQ9KsKfE,Metal
JLmW7zMkkBIU/Ij2,Metal
XYDvfOpcebRDvEUU,Metal
Im5cUCOApLywj3zq,Metal
iZbVsQIPtQAuZqD1,Metal
FAgmHvieidA6KOm9,Metal
Vo/HB6Gi6PLkXw4u,Metal
LOQdU+VWpD9Ja25D,Metal
7nHFQ6foZqOEDu64,Metal
8xCOz8iUtaLnlY+j,Metal
zHma4j6dpWNUmpEp,Metal
k9Nhi//4cc2WUJkv,Metal
MpEF6Ye6XGP2stWE,Metal
HnNSqJhc7kvpvJ2e,Metal
bwpfdCqu5nqOY2Wu,Metal
1c11fwgEZ/98i8gf,Metal
L8f2NFivpwhf6V0k,Metal
w+hQ7E/+RfpqlUfS,Metal
WzQOxaRD6MJF1xQy,Metal
niXOY9NOas/FDF7t,Metal
WVj1fWe7S+VWvG+3,Metal
0/mLGAq9/fVJxxU3,Metal
9lKAaEvm7ebi+6Gb,Metal
6Ap/VOImddbRwncY,Metal
R3VmSI5zqpBfo9KP,Metal
kL9yGJBsCWYw9lui,Metal
4uWHeBcJT9NREFlk,Metal
LXMTYUEPh3Ywlta/,Metal
SpII/GCA7pzZ7s/Q,Metal
8qobEk61MUgdP/Ub,Metal
cjUIggebIFvjmghD,Metal
PR1T8qk89llLex1b,Metal
C0f6QWpackFbG0Hb,Metal
8RZ8azxwo9q4Ghjo,Metal
lL33uZH9zu2GJQSk,Metal
+C8xf1JvOYTTN1Mn,Metal
K2+AFyQlKXbZgE2a,Metal
lFjum3EmzakQmvO7,Metal
MoEQPNakCYJn5X7q,Metal
RDzHJpFyd8hmpG1D,Metal
2CJUyZPctP0SbRcR,Metal
hv4OhzVu1YslXKWt,Metal
HdzHYPP7DtTLyGe9,Metal
aqRTPdlg0CbDSDqp,Metal
Ww2J5yeY+OltkN69,Metal
Yum3IKIxCK4ItVA3,Metal
9mEG8v6ZvEpAmkr3,Metal
H3qN4OTmAivN//VS,Metal
ZGhT81T75wx1ZYYX,Metal
fnoiivQVQU3w3bts,Metal
S8eB2gBxbd/CDZtM,Metal
YsxZM2pb/+51McOz,Metal
131rOKTrAx3opskO,Metal
opUJk9iqgcn6e59G,Metal
WpmwIk5tMkJ1ih50,Metal
b0kpd1aep1+Xp/mu,Metal
dbMqYK+IuD0pW6uR,Metal
gov/y8hPlicuzfjF,Metal
o8rsHcC6YNMF3FX9,Metal
zaENTtZZ/gUkaQJN,Metal
u2H0w595U8AiZD8g,Metal
JWW03cQZ3vWwJmW3,Metal
JSZxDrVo4u5QIgGQ,Metal
KecX6me+ZUpD/BGR,Metal
Jf1rKoTqrRuox40i,Metal
tolF3E+thaXOtFEF,Metal
eo1SjbxqK5wLJqlK,Metal
x69ILLnlDAQXf4u8,Metal
RWfq8JPF6XyRY46x,Metal
eUuQGMMWl6KMigtj,Metal
4QK9knEHjJOPkgyL,Metal
6k/jHIbay5Mr6NPL,Metal
HcAW3oaLxnMi7H4U,Metal
OTmk+jZL0FidFe7n,Metal
hlSfCY5Wn4QO1Vik,Metal
xaBZHmSrEiI+8kQL,Metal
dNtm1O3FEErTmFFu,Metal
/0KxOudIUPwDRExs,Metal
hDJOGPEDPqM5vT1j,Metal
DzY0G1BucojudIcn,Metal
MEyFfQ4O+TAmdSvP,Metal
o1KT91gMJPSzqUfi,Metal
O2j5VyYu7pwTH12M,Metal
qkw8tsgAHsc0BvD3,Metal
RKILPe3kRAGldiBG,Metal
tMqQtC4vUMXUF6gq,Metal
gKS3ZL5L+hxQXSIy,Metal
z1ODTerHZNPZ/AT3,Metal
jHJL/QcBz4nK6WYW,Metal
FNfaPV/0fCEBNtfX,Metal
nPCQK4vHlkbJnQTp,Metal
gqayA7LQNHWM6m4j,Metal
Zl7suI6TsXaXp1VP,Metal
xPa0ZwbBXDX+ewP3,Metal
GsXoU9Pr+uII4cfy,Metal
ITtK84yaE8V+c47t,Metal
iF0OGAOE90YC//Gq,Metal
8OCRtHL6vEtb1tHV,Metal
yeL9REHzfatDPp0G,Metal
qsc7kM9Ncz5JfjYt,Metal
yyut98U0qXbfHwuE,Metal
6VFdWpt6IFadthtz,Metal
+0ABJ8XmvNOTSwf4,Metal
YGp40bQhf/Il8ULz,Metal
5U7OlnxnuJsJKF0P,Metal
b3wEnXAPoVWNJXk8,Metal
nrrqm3nOkQlcgxYK,Metal
GoiQacE3Rf0Fl/9M,Metal
qKCdgoM55S7q2RDz,Metal
Er/B8O2KmfFaA/iD,Metal
3AVGsosOdwHvgFWz,Metal
lAv7YnMi3id0W5me,Metal
V5lZqQVBaZoQ/F8g,Metal
X9K5i+ATqLAKOnAL,Metal
XOzX8FFRnN6c1qkp,Metal
6L55aKthFTa9/zzI,Metal
JnodvqWH1R+HYsqf,Metal
BllZnir+1fkvwmdQ,Metal
P8eGy5OjOBwUEj7R,Metal
dNwkARhIjJQe5pzZ,Metal
ypzI+KfFNZ+455tx,Metal
yn82GqIL4JG8Rnrx,Metal
sMA9pK9wTnL15opU,Metal
C8qEW86uRoPFQZBL,Metal
sAm2ySOXDk+1rKNJ,Metal
l+ucsWuHh7rq41gl,Metal
ns0PSzvUqrsaORGH,Metal
1eAVzExFOycdSCYD,Metal
sAPGAgVviIJcEVwQ,Metal
RswGwkFCQMK32sS2,Metal
BsYL95NFwx8xbKco,Metal
Gau02gHHOipSAoPw,Metal
JvfufRWo6KHQxs7I,Metal
IX9x/ba7Qw9ZGto7,Metal
PSI0QWwL8N2PoHwP,Metal
1nm3zSFfKFjlm1qu,Metal
nPASW5b9eYoSO10v,Metal
azBWqSDhXj/GcnGG,Metal
EuR17nxhzohu5oMX,Metal
1sWXippXBzndh297,Metal
hDNE6S6PHVn1RRdT,Metal
2XHJaNbnsZeFQ74a,Metal
khN2bQledoSb42gU,Metal
T3qI6oKBtDo/WzQ+,Metal
zhVhuaV6pcso24v3,Metal
qHo9pQogd/u+JGri,Metal
AeGoq/cQvoQIcB/A,Metal
bqC7IhQ1HH9vK0CQ,Metal
lqgXQRBlC/olabWF,Metal
iGGEj7za4o6yusF9,Metal
6wJ1hZOwMtZIbN9A,Metal
r2ih7fcKcOmaUYo3,Metal
IWQMox0B8tG5PJKz,Metal
XPkM9pVvwKdJxHe/,Metal
t6xR/FdPt+Ap49BM,Metal
4mZcf1YmEkPhGr4N,Metal
lIbHl89xIIxbASc1,Metal
IYXnoOh9s8PaP8Kz,Metal
kMBMFLp4PzZOkxW2,Metal
EepiMvOefk4JxKZ+,Metal
UqO6joXvFpCAab1G,Metal
ZgEOLXMV/dWmA9Pm,Metal
IUprds9uLsVYX7df,Metal
bfaUIjoVapFxoWtb,Metal
p0FP0/GcezTuf/GH,Metal
IJtIlQJYD7y0C+fA,Metal
B0ryIH5SootiNvyF,Metal
l9UAZqHSXbwyIfO3,Metal
xd1iiDHzBOJLA5Bs,Metal
Eor6AQCaFLuTjHbQ,Metal
ekKeSp7MBu6cZrIl,Metal
dLA3CuW/ybaE5iMW,Metal
TBuYNcjWRGlmy9xu,Metal
TTa1mzZ+/pA3Nz+4,Metal
/UVCVcqeEziIIXSa,Metal
szB4CUOKq2NZcLhO,Metal
7uc89eDkGFHrv47R,Metal
YPKkhPB7KDQhB2Xf,Metal
FcHjyi6WVYG0zFP3,Metal
/CgzmyVxRzpKZOCQ,Metal
wOHkOQEyT4VHId6w,Metal
EUGG2sj+OMDqNDiD,Metal
1bDFOFXYih6gvVSA,Metal
ARRfOnthk9Z4//wz,Metal
8lYtVhZ5xrGAmzHu,Metal
ELdL0XIPGgj5aJQK,Metal
xjqfAaqWyL7IV6m3,Metal
k6HmaZC6NEdtmWKU,Metal
1SgjC6qcUYZrYiAP,Metal
4lQ6L+o2LO+3R1/v,Metal
1I3SBmPvaWs/64+s,Metal
vL8X3cBXpHWdHsEw,Metal
fT6CZlzLhwfOYTxZ,Metal
jvhpe7cyROv3WH41,Metal
hDb81NvAfLfpJ+Zr,Metal
Xum5yst0v5fi7j7f,Metal
Ihoot5y0VJ0XGQSq,Metal
YaqXtLWIyLNMnvj/,Metal
AlgnN8t+WrHLLx2h,Metal
H9SBY1Nyr6w4cHOb,Metal
4dsU/SYvIruXh0E3,Metal
HG73Ive5G75QVweJ,Metal
2V0dJRlnLwqxwIel,Metal
oKJ5II79/WnDRnYR,Metal
nZQ2D4ulrTCMNK/2,Metal
byV0/BES99sr9J6T,Metal
etomdCv+nObFe+Oy,Metal
Pkkqzs6eFNRHOWAL,Metal
iLDdc36lF5JJ+8CK,Metal
bUFjMDlRSO66DZ3T,Metal
22eAvKOkdrrxvWOm,Metal
wL6t6wmIp8b1PN35,Metal
Ez+Fg2vECg6Bp25l,Metal
3+suIl80DvbpCFKS,Metal
xVIwbi1cNLUaTSqS,Metal
eTd3OtHnHFBiMVrE,Metal
c0No5Uev6jMjZ01M,Metal
GtT9E3TBio0EZg2S,Metal
NYopcp3+CVUHWOhS,Metal
IP4fG7cuUX6M5cd/,Metal
88L4RQEJys0QdTkf,Metal
YX8YxoPv/K5ijd4c,Metal
/84rA1R5qHPGSTwM,Metal
j4ue598d/j9wuHqB,Metal
sKqo40C2inOLiIdH,Metal
p5v1wbXJweSJ0WNN,Metal
jADXw8glcWDF6gt+,Metal
581VOL9R57p2O3SW,Metal
7EE+uBGWyEFK7rn1,Metal
IsmsDl5ZgLBFb26N,Metal
ZB8Evc8UIuAYFjP2,Metal
Q7Q5v+2OpFkrE+Qm,Metal
cAOhQGEoR/ZgUUwT,Metal
vH3f3G1LmmrbfxXb,Metal
Lf2vz+VgoiQpzzj7,Metal
RUVDZY4EV6O/j7t+,Metal
f2Idd0aLJjKFxUaF,Metal
86rYR3CXpinD0pbd,Metal
/WPSHKrmLvFSCN6D,Metal
qptMh4Cp8LqQacTh,Metal
B0shsfTTX766EgTG,Metal
qSnEWLJTb2etl4cE,Metal
zRGxtx56Qfl3aeQZ,Metal
ywSOdvz/srlEYKOy,Metal
5hWC5xK7E1mpIqER,Metal
6UUQRXb5eXLqu0ql,Metal
O1ywKb7k2UgRlF3V,Metal
zWveg7I9PkEsdi4Z,Metal
X2VW7oSEb8cPPkif,Metal
fWoH6LZ/8dmhPUS/,Metal
ICxMzfzqBnYd10vR,Metal
Sy913+CTVcZ8osyk,Metal
GIRFN6p4IMW9mPeV,Metal
bODDUshP0Crusoov,Metal
jY2T6XGRG31IQI4T,Metal
YcmwrT1Arod9GfAx,Metal
/uhtRoSi9Q7dctaW,Metal
azQ3m9hzkuCt7srL,Metal
//oQeCz66wDzmC4/,Metal
YJK75jBJYUjkq7Eu,Metal
PGvjD348AzKSkfk2,Metal
IucanJs+c1Zpzn0z,Metal
eYbbpigaHt5CYrar,Metal
WPGQFgEzy+4HVEQR,Metal
Z4yEov+F5GvtI1Mw,Metal
0JUUHFNbNgtnpQLE,Metal
GXex8/QCdnhnfAwX,Metal
9GTXxPiGKEH4WdY4,Metal
L1NTHWSOE1Vdo/W5,Metal
IGIRKRLHbRrbcLen,Metal
7iGFX/FLNcm+zJve,Metal
5crWG9QEuHx4V0Oi,Metal
2dI0qFN+mz/i7JjG,Metal
kcI53Q5CjxwLbAq4,Metal
RrZK2lzUzg0nLKRh,Metal
QkI7+nUD4wDlAGcm,Metal
1M0a6U9HNaSNpul+,Metal
WyHqacOpWBrKUeaI,Metal
mp0F/kYSQYcXBnlY,Metal
W3MHQify+NnAZYyf,Metal
Y1g5KI2gGhLutA6V,Metal
iG2cYzYLYV2vbhJT,Metal
Q9PsEDQWpGYCbsAk,Metal
PXwBhu7FV7r3VzPo,Metal
ohQzErUw6wLkgIXm,Metal
t3Nq7AXaZkyWZHrH,Metal
HELc3k06Z3U9rIyL,Metal
b6342gPhv8QCxzfd,Metal
U8k71+wmH4wKFUX7,Metal
9N2aNI9G0HeQBveN,Metal
WocncQaSrogOo5MI,Metal
o8/lTTKTFP/7HNnI,Metal
2OjRZDA7FyazqAkN,Metal
Z3Qx0KKOVDWIA98G,Metal
5gRAkpx1Uu4/Wbhf,Metal
uh4ajw7FfY+8ToS1,Metal
tQOWbKXMUIJIqijq,Metal
guUegzR4K2KJEFmP,Metal
8Ad2eRSOMwlAoVYY,Metal
FdXujNzfdgA9+Zlr,Metal
cRpkN3YIvVnbuyDm,Metal
XuQWaeoDcor/yElZ,Metal
fEF6g8DqeSUwD592,Metal
Gpao16O5WlY0Ybdj,Metal
rHsq9cHohLw8GCrF,Metal
Z36zJQI6JeTxy3Xk,Metal
bASTANdG5JtS3WfL,Metal
Nc6rZWmWSXCEIeOx,Metal
bS+QT+p1MEr5j8Kz,Metal
Tz5XA8nChE3TQz9/,Metal
cV3OwdLgu2fWGWkj,Metal
0ijlZMHKQSZX8+bM,Metal
orB+7vXfifw+Idz9,Metal
9WmhxrabPU4DCyJL,Metal
NQvPJrxDe3VzD52L,Metal
wZPxK3OfHtZnR7Xn,Metal
yY5xjqNGyV8DsI/t,Metal
MAwZkmBuCxwEW4qd,Metal
+0DGXsz93Dcf1qKb,Metal
v6dPCePdYdlXDrpU,Metal
DZQewtRQM1yXMI6i,Metal
pFNSuydtZjwiKSlG,Metal
T3pHfDLv2CpEhxtz,Metal
yYEIFndda9b9Fs9n,Metal
jtFP643FNemdEpC4,Metal
IRhcyvpEZZWPZ4Eo,Metal
0erOyJXjheddkX6M,Metal
dGykKoKgBx3OadJQ,Metal
YJq3nI/ml4BAUhUh,Metal
/8o8kKpUnI6R0FB3,Metal
iwMAKmckqX6yvmdV,Metal
kUOSdxgo8UQBaTBr,Metal
1nzObb2vOkdAdeaa,Metal
9ZiniEdt5h6MKdqI,Metal
UtBrVe8wItueiPux,Metal
t6J36MKR95snwJ5l,Metal
2IUAMX1ZsyMUkRTB,Metal
lhUUYVErbZorNpTU,Metal
/jeJun1/Qiyshc0N,Metal
qbxmrkgCsrOOVcH0,Metal
Tfdand33bV6Z0i2e,Metal
gszqEHl/Arb5yVDj,Metal
F9Fw+vNxRAmi6Enu,Metal
Ms/45/bHZW4cjWTE,Metal
/9S6wR4pKWY9B3tH,Metal
w6Q0CTbrUfMkHMAp,Metal
gksn2xALGxdSUYJa,Metal
4MDEhHk+sTm++BU6,Metal
RM+AnRhhCWJcFCYI,Metal
JR99jIpRALfD3+b9,Metal
7vYrMFN1AOuCs9R4,Metal
beKVQHxu49bHRDS8,Metal
Ay/JxVAM6jSZS8Ws,Metal
aFXQJIVnrb3J6L6W,Metal
Mo2yMt8Ifywxs2ox,Metal
0xOUb8K5+4m6iHOO,Metal
Fwkv269VjuWNihWW,Metal
TffvRT1gd8p0+UVG,Metal
RaKRLXMtZ4rascWV,Metal
7Fug8JHgmMC3G5SI,Metal
oM0GijMGyUG36pKf,Metal
TkeugSus9KfO+86b,Metal
FguxYuP21s3IaTxT,Metal
67w+k9Zag7EnMzFF,Metal
xRS56ucZvp0HI/7F,Metal
iEFDgtBizJfPGhu0,Metal
OS5Abw9sR8MKEcoR,Metal
MKbiVBY0sTdH6TbZ,Metal
pqs12cGK9UYgK2Vp,Metal
RE2UXe/iUldiGhvD,Metal
LIpDqE64PZ/NBy+y,Metal
8OFb7uprW2I6L8yP,Metal
rYnkDz3PQoI3S2cq,Metal
GsV/k9P1L5Ub3tbb,Metal
b/Y1s0yLrTQVw2gn,Metal
hL8WCVs6HQe5WUFN,Metal
Pym1jrVwCF1xx4cw,Metal
2MlTSHYO2AJhi/XE,Metal
R+e/ae6m38niwUZ2,Metal
8gkpBA60wPgg52wR,Metal
FRSfox0l836zswNe,Metal
Pc/aiS7VoYoekwL4,Metal
dS5uHO4VvBq3XThJ,Metal
BAbj1xhaqSaPEQUk,Metal
yqABTcyGO9NKtt/1,Metal
KhUXoBe6VcLIUbhB,Metal
oPxWEAuRRrUX7Pva,Metal
bhh+nFSKZJZCDR5q,Metal
IjQ6Fpvp0WC+F2AM,Metal
uusWP6E72IdWCtWY,Metal
YEFwJtIqm3gqY91K,Metal
ZT/M9AYnavokAm4V,Metal
sKSfee0earME2xq1,Metal
XxvcQwsu62MmHdC2,Metal
/I8yLLtCKdUBP/MF,Metal
JYwkxY7Q1deYZXGj,Metal
7EtCnOverRzE9Scz,Metal
F7L7WKOuo5+16jIn,Metal
iHXcAX4OdmlId1Z2,Metal
W+0WWX76s7CHHxSg,Metal
p/gS7Hq8pXIi2sww,Metal
nq0080jheQrmz8ps,Metal
PNYF8Wvl/B7iTEnw,Metal
79QyeyOk2YlLUfcp,Metal
KRItMWN3Ov6h3p7L,Metal
p/utPXSZdjbTfbRO,Metal
OjC4AOdhrY5qH0wd,Metal
4NeFX/mA120Bs+os,Metal
Yb5xa5U8mKr0y5iE,Metal
FfaArCuVOx4kzXWs,Metal
NK168kEPnfLtRTqJ,Metal
tFdmbur3tfYe5NDw,Metal
IbpuD6ABGi7BbpHP,Metal
LNGtR2b991vlLHtI,Metal
snDsKN9DxOEhJ/+e,Metal
cI4FLZ7yYxTE3R1e,Metal
BDTs2TW6rTOVhhvJ,Metal
qSwc8dBxr1jOFu9r,Metal
VqxQUVT5SmDxI2TP,Metal
x6k3Rpcs3avYfIcu,Metal
VLSqTPMoJ1+h9DMM,Metal
RTZDFG9dN5YFLZ2i,Metal
khQ7Vr5Qz3/WMdm6,Metal
9grcnBFWICSAxbmp,Metal
Zjr/MmEnZC9jooOU,Metal
yzZTaBeDm+0rSeto,Metal
JsWt0PUYebO6PDQn,Metal
a/GmMfJ/fp1xsBUU,Metal
oiYWDeZlq4TNWSfP,Metal
uTprHGqq1fgmdtXg,Metal
Ggl9G4iV4T62WxZx,Metal
Xbi/Z0TEz7X5an/9,Metal
8va6lPPIy5VSGfTD,Metal
Yj/R0EgKMZAUrEpE,Metal
xjTm17DtumSXd/Fv,Metal
0d/x2cLaYmY9OHCL,Metal
FJjwcj1YBPcbX0vG,Metal
dhCqSf+X+wAAmnZI,Metal
Sgr+IO+/Y4VGWA/+,Metal
TgzXgLaNY06ledPI,Metal
dFcc4NulabvC4MxQ,Metal
rJHZYl7RF1iMBI4T,Metal
OlaP7c54YR/8g+Y5,Metal
KmR/HE6jcQC2sNB7,Metal
nQy5Ll31FWJqfxEc,Metal
yiCskeRNhuG5BVT2,Metal
MGK903XMWEisv0YL,Metal
OhUhob/tagIpFcQg,Metal
WH95Uc799rB8uksb,Metal
r9PBWodT9/zEx3Lm,Metal
sxM36PrcT5MHkPG6,Metal
9oUFddmkGgyWVrVI,Metal
nZ+GZb8Plll0vjJG,Metal
IzZYKX88grTa1j8v,Metal
zwxaDbqbDPXb1oDD,Metal
u0Ilie5YQcjZTpz5,Metal
hdf8yB/DamENrYEV,Metal
CIYKb/2ngNiWYMwY,Metal
d5x0rzjNx5BxnEuF,Metal
yYGiI444rh8toZWI,Metal
4ltvLMxYVC51wKX0,Metal
29ZBnsk+5msboT5e,Metal
mtr+WJ1ils/i33RK,Metal
o+otBqK+0gn6uL+r,Metal
Ny5UXQIf1cfTaLsa,Metal
6PCXzUxajOM5S6L1,Metal
zYvdGLiaK6xoU7dH,Metal
NRqSkAE0uri3NS6a,Metal
396TEvGMFfCU4VwD,Metal
2oJQeWgbokM3OZqV,Metal
rktSCHMjhoMohyQr,Metal
ke6AF7xq4hDOzgGF,Metal
TFIuKU7+mTnQ4Dr3,Metal
OgF6cad5ZRQpOjhL,Metal
8rj4/a7bZfV3o7zY,Metal
FBNKIQA64ZW/iABk,Metal
suPRrjIJ0OOn+i1O,Metal
xKjwbF8Guv4ZPaxw,Metal
M+5MbhccjY+KsoZ3,Metal
Pa6z7AFXFHV1Xnud,Metal
E++YP5ExjkwmZqFy,Metal
o/EO/HIyEmBQtsG6,Metal
kzhc20F6RFRVS6YY,Metal
X3T0VmC2jf//29m8,Metal
ZY9yIlq6HL6EFv9K,Metal
cfXpP4TI8vTU6Vey,Metal
Kw7okT9NzT6Z6Gfx,Metal
qwv4OV0FAH+4km8E,Metal
moM8Zu09S8rLGDzB,Metal
NglODqsXQJLqw5Px,Metal
d76AdD0TTFlUGIbs,Metal
7+RbP3pJxbNo20P5,Metal
vpCUVF6BkTAGwsXV,Metal
sxxktdM6rn8OW4LE,Metal
6iQ3j24ttwT6gzNc,Metal
VtIltZpLwRgVB6G+,Metal
6o/T96tdwJ880fZW,Metal
q6mLoJfDip59IvGx,Metal
snwg4836EJmZ71UB,Metal
B46FrKgX2TTcLHU3,Metal
b5KO/hln20ibFefc,Metal
Jcosb0IztG8/KPF4,Metal
yIVfCe+p+UGbzi/p,Metal
2f2x1jd7vwUnp/v1,Metal
LF2uIne3OfDgS9iJ,Metal
PL66MK2do5fLaWZz,Metal
oFToijoBFHe0rZqn,Metal
6sbhmcWzhnmrYqFr,Metal
D5yGga7zR96Y7FMW,Metal
EWi6cuY4da+L4mlN,Metal
eNfNlLl2gB5SU6IT,Metal
T3trNpL9xKnzaL57,Metal
fCSBjuEyu+wKkudT,Metal
ub1TuThPgVAh3JPW,Metal
JFYBTFRr+cnfbMwc,Metal
C0v/J7YxiYfF5TvK,Metal
XWwou857Ds9ACKMp,Metal
xFEqO/KNpn448ULf,Metal
vYgmtVkMy8Z2f+9L,Metal
VSDAs0vRY7/blMAs,Metal
wIinrVPwSIGA0Ru/,Metal
W5jV3WQGgRTX16pL,Metal
gAgr5CPs4dwXkiIj,Metal
6tsu/7sipgqhuOik,Metal
/TUcNPK4QtlCG95F,Metal
Inunn9QdrhQHxdPa,Metal
I2/BFGTNkZFlv1jf,Metal
N+OurU2DVJtvM4P5,Metal
xhBgZ+qXpjT+xDeX,Metal
gvUfUljspHNqkb8Z,Metal
N6bsSzSPk9GiXnxj,Metal
2a88vWdBzB3PgfcL,Metal
yr8Qi/UsmkbzfQdm,Metal
PWHU8wfjPwFugyPH,Metal
fLQ2/BvtbTyxduw4,Metal
YzqVSRLKtgz7yS0O,Metal
ArFDgtylLwpTbxJF,Metal
YrQkgk2HgrJWSRND,Metal
MKnrmZKwON60l9sq,Metal
NlfiyBwCOjzgRqxv,Metal
3k2a4Am1chvDqbA6,Metal
dMjrrGkawqW1Z2N6,Metal
PUHx1UUBBA9zkyDd,Metal
KNlm3YuaDHJMA/EQ,Metal
RPkbdGYPE7nQ5ckh,Metal
hMK6FECYPJHNZO+r,Metal
oOCl2GTUfkymsQ2Q,Metal
kbhPO9sHLQFxMzia,Metal
rBr9jS9+7a+35m7b,Metal
MAmdIVWnlIUfzQqV,Metal
+3gVknHseFq2YmoJ,Metal
1Xci/aB8+uJYvZt9,Metal
i11pbCWfzk1v71lm,Metal
npALSf36VGZx62Be,Metal
AFlHHjViVuT2aqLj,Metal
7XegAs1GnipvMkx8,Metal
+0l2wTwCDJRCFy8O,Metal
MKq8VAVbngRvhEhy,Metal
zidowol7omDHC9/E,Metal
ReuNAkTmxhPNCkbl,Metal
lIzMVLtK2q4TMioq,Metal
CQ7Tx3Z4xU/jaUbM,Metal
JXYIyqijhAqUgUb0,Metal
HBO2RGaexenTwXqt,Metal
wV6f0eewqDxR3H7V,Metal
H/pMyVmdips5GmLP,Metal
NSsOwRryhOyVvNct,Metal
CuRK+MsKTQ+aWqgR,Metal
byP1bVtYGE9yqjFl,Metal
dEOZcXUp3/RH6h4Y,Metal
PfrodJAjuToeJ+Zg,Metal
ZUVD8Md04zTmPQtr,Metal
zubDfhdVSEb8mzOd,Metal
2I8MeRSdLfNqcGu9,Metal
GpHBaQ2hWjSgGgXf,Metal
eqeH/un9WeVToS6i,Metal
7jvR8NvvP77/FCu/,Metal
PinPlPszF9SkRSYt,Metal
0lhRMZl+F4iG5NNI,Metal
rxaBd5GgjbI03Iqr,Metal
hkiMZ/QgyeYQyflk,Metal
KxRE9jGQoY3trSCo,Metal
1/pzwhRaCzv9RNiP,Metal
zpxyBkXWadSLEjOg,Metal
03EiZ/XH/XZeFL+Q,Metal
JNtQR2oNQ+x1yBVg,Metal
nqRKNEiGRGvFUKI2,Metal
vyyGA3wh38B0xrF8,Metal
BkR2jtltlNnl9xQM,Metal
mt8ahKsQk/0b4Kd8,Metal
KtgHoT4p1IfOFnHE,Metal
rbW3U3plIOn6GK7I,Metal
QZ1xxQH5OlDrh9E6,Metal
2ix2KojgxTqak1pj,Metal
YmG9rSCN7f0tkWyn,Metal
MwllvI9RMbwZK9WK,Metal
l7HHBwihJeXuPaeS,Metal
R+l1Wsb9bpDUc6Cl,Metal
zj9jy9Hu1vLsJvWV,Metal
v+CnVjBP6dP0p6tP,Metal
Gy+xvRUYSa5BlphM,Metal
xh25s009rk69QsfO,Metal
8z7y7zAExTILfkPi,Metal
NhY2Ff9pW0rrGGP6,Metal
kPgMiXbNw7WDueb4,Metal
K6dZAeme9xrYmYCS,Metal
09Ff9FOdxi0YciHj,Metal
OEJ6KvKB6NCEJODl,Metal
pYAqnE2bmsUffr8z,Metal
x2GLCT1JhaelzOK/,Metal
5/ZdN1bVEwes1NwG,Metal
VoTuCw06iQQ5X+I9,Metal
tfxz8pzsDT+6jtCt,Metal
BvYNNAlHg8W97+PI,Metal
qIpQcQN18My2DX9o,Metal
QuiNq7EPLfKCOAkw,Metal
JWoSPgETHujDOvN5,Metal
afCNJYtsgA3cuOKt,Metal
MLIeT1JzdcUP9POP,Metal
edLBOQKp8dvIXOOI,Metal
OU7w6QxyPNJN2IsX,Metal
i8YmA7cDDGSpAvFG,Metal
3InbYv19PyYsHU51,Metal
iv+1kTNW6suA+0/+,Metal
ph0Zb1N6SYGI8y+4,Metal
3MozGb5L+dSMZtpM,Metal
Wj/zLVkTBhQNd9oX,Metal
NpIfj+ZnA3yfWnpc,Metal
L2PbpCPBcdPMSOyq,Metal
kWD+3QaknW8olnc+,Metal
UVY3XpMSurkzQRaE,Metal
kV8V4/N4J5tOIWOC,Metal
4pe7YYkUIak+PxC3,Metal
l8qbfdjdZxpUhvS3,Metal
WvVy3OTb8E2F0HEM,Metal
JBIAAKOncrmmd/Rr,Metal
nEgYsukDXNK3G/SL,Metal
XYzRYF+JroiftDTS,Metal
0ohF9h0rRhYhwiYW,Metal
EQ9oIaKzdaqi/jTV,Metal
lVRAqS2JX75WwQzK,Metal
hejcZhuqdl8AdWZ3,Metal
6wW8Gmv1nTjNYeAX,Metal
FhKXRqC5R5NRu2er,Metal
WpBNQCAuEkcfx/H3,Metal
/lIY5PmFUDikjB1j,Metal
p+Jemuyen1vs0C6d,Metal
Kh4vX8So1ZiBgGry,Metal
q5pO+GzMqfVahqj+,Metal
C7sPDyYtGmLF98hh,Metal
H1qvq2nbMQAgnG4N,Metal
klTCmkfCAJge/Uaf,Metal
XQNVjsc6EHzLxpBD,Metal
ez3DvQCti/QSyZhO,Metal
UO2Roz1H7YQy0XQR,Metal
hIdsTBG009Sxo+bs,Metal
EftyMBGaRzSKpbDS,Metal
sAALZ54GvH8LGATa,Metal
gQQXCvmU7lpNq3ug,Metal
gQ142/KGheXqrkQC,Metal
AW2Gt9yKQy3EIEaN,Metal
fzQDjVHh9cr+42SF,Metal
KwOpU59Ne7BycVpH,Metal
GxRgYvBjDxGGlpgr,Metal
Pd9SlLe/jESPAUWf,Metal
KGxE/zlxpG96vnzI,Metal
GOTUf8bfRZjOzHfP,Metal
M4/RaglCkgUxdscW,Metal
OMNsecYVx7Vx9l8C,Metal
XSQ7fbOYl434ApK5,Metal
PSboqtXrs574ruuA,Metal
r7Oz7fO+T9HB4wwT,Metal
jnUuypEjE6PK4spr,Metal
/vKVmOtw8tEKlef/,Metal
z+JpGvlbR1w9IFUb,Metal
XWuiXO1zKqmVbJId,Metal
AcvAMVQRmdjBiS4g,Metal
zdD2re2Awz/u0tW1,Metal
ap36iBCPOv8wUcd0,Metal
vQB35IzIFsFZXLU8,Metal
fOEgNNJ1+28hE8LA,Metal
1quCIUV0vgYkdVE9,Metal
3L6VbDxGae9nT1hT,Metal
x18Udn6Hg5LYGzWc,Metal
y+HqQ0Vg4QMaqcV6,Metal
jIc2zH3c+Eln0Rrl,Metal
wW37C2GEhCpSgaBa,Metal
mD5gb3Mx9r9hBwMj,Metal
DN5JZ9+dmhsj9JER,Metal
o+macClJ6yciL8a1,Metal
JDhGwlsnut/RMnHJ,Metal
7jXYqyJR5TDwABxx,Metal
gvnwDvNgEbO2QfGF,Metal
d2F/yPRL1OuqfDee,Metal
j3Dhi+vyY9FKAOeg,Metal
wRZlLSZLznZ4NDN1,Metal
3kZ0LHsba8yte7oP,Metal
AKEboWaK4oTVNfwg,Metal
1ytDnhCNZsZRD7w7,Metal
VKKsvW0EvJBtGUv4,Metal
CHGa+exB1+GeeNVz,Metal
wYaAbvZWwj5rYpH9,Metal
opkwBVzZQ1m//hgL,Metal
jQJY7/rWikjXVufZ,Metal
E2GzCAvSHCbw2bsW,Metal
DSxGFf7GOigtiop2,Metal
5ukktNsFdLnTVFoa,Metal
QBKsTodYsrsdskVv,Metal
XEy9BhU9DKIrNXqX,Metal
UyYgjio8BTcNxxXW,Metal
9oOtU+JQIqoy1qx1,Metal
OgHxHnH/fx8D5cyM,Metal
HJTm+A3iylu+2Mql,Metal
Xy8e+Pd3X9Rr+nKm,Metal
ASGznXVwB72jZvmP,Metal
6mn8oOpW5HjpPX0g,Metal
II50rbK6GdpeXWk/,Metal
oqa9F2eDUeIjXCXI,Metal
v1R+HJDxH+UqmFBs,Metal
DwEgsmI1cMBVDWF/,Metal
goZHJPLPj98Kj39u,Metal
PlDjWLUwsbbasf2z,Metal
TKekRIG1ZqdE3Svk,Metal
8RxmhJc/uTWvbYCf,Metal
IexRaGo+lSDN/zSx,Metal
hskyreKyNMNXy/RM,Metal
SZWzDW8y7H9wkJq7,Metal
Rb6gMTUN5Kw3nQeC,Metal
LZj6zhM8QRZ4UbzZ,Metal
NrKWZoC+5oPzGyNN,Metal
fs9g6UZep45eVkdQ,Metal
DIUt0wzgrElYJSAe,Metal
N01pJusBbyYdAOSq,Metal
R3B3BgIK4xfvfq+j,Metal
al8+irsoulNh2GMW,Metal
CIBXAPP20ygYOC56,Metal
JGJ7C5IfukfmhHQw,Metal
YiyqDbCMS7TGb8k+,Metal
XuSTE9Srmb3ohv/w,Metal
KM8S8Xb3io39Nzal,Metal
3pZ7Z4GSDgbk6BeH,Metal
dxULBs6XVxkS/4Up,Metal
uP8K/I3N8vNqpOcO,Metal
YYdIMnCti0XxOrc0,Metal
QfHLFMUSLlYHHojc,Metal
EmBXBCYrO5szmocp,Metal
eBr5fTMP+U7gnPSn,Metal
Czfz64dMrz511sGe,Metal
PAdWgcU+uouEUImh,Metal
+LgSWbPX2MOvOOZn,Metal
nSbQKZsAe+CAsbjt,Metal
9xJLg56WVoBKIVDd,Metal
T+DUJFQey+2RDi8A,Metal
/olGoMoe8wmZutWG,Metal
U2TTzlWJKmNiDsrl,Metal
GJtcyzHTYGMcwUpM,Metal
GC/zd2fUF71YoJQl,Metal
3MScR0/xzLpdwCWH,Metal
GDfwvwIzw7dXV3R2,Metal
gzAYSB7Kp2g0sF9Y,Metal
q8n1LN8bMxdGSJm/,Metal
8kjuyL79VgK4/Dey,Metal
NEKs28/+EB9LuZ4y,Metal
Mdu22cIGkPpKQE2z,Metal
qVCLx6TfkcFQAIlS,Metal
W4Qpqw4fFe5Jq/Pz,Metal
1jya0akhi3ZrswSE,Metal
7S+yccuhpd3UPq2i,Metal
x17Ps6Z6tWS0Sw4T,Metal
K1s5bprOB+JMuQQw,Metal
H2DDZ4fLmCIodFNO,Metal
zjw/OoVlPWJmRM/e,Metal
WDcxb9DWfINH5Xve,Metal
mv2zrm1kN/fIA8Ts,Metal
wgTE5mq7KZ12v9Kv,Metal
Bnm3yi5foDmeM3l8,Metal
F/6ikzu0LqDgo+k6,Metal
uywFZ3CMwJDNCVSf,Metal
rpSKmwxId/lDcC39,Metal
gmaTysHhwJRrkGfF,Metal
0muGh+XSPJZJIJKH,Metal
Znyh4Mli1I3/h9gp,Metal
R3pvz+/9YFEc3ENT,Metal
xILUa2JCdlvAHt86,Metal
oMVfXlfoDCIUMdj9,Metal
U8PrZ96iJrein2Sj,Metal
s6yYG/eAQtNHXdB4,Metal
pN1aCKHYnXksX+HX,Metal
eHgiXQatxLo8iUMK,Metal
JMpPPt9IEjJg64yh,Metal
+tAm6t5pU/K1fbRs,Metal
bqZlQQLeoMpk9zjG,Metal
SMGcv07vNQ4ZPZP0,Metal
pI0YI/W9LtbVdy9h,Metal
xDQ00eaoFgsoAOXG,Metal
3qVJ3F4a3ymYBPJz,Metal
RnL+YdsSARNneMFt,Metal
whnCN1svq+fVmriM,Metal
pY/4fpvxCQp85kvc,Metal
ZFL1T581jZV/xnVY,Metal
zZ0/T1NtxH+/fvor,Metal
FZlerWU7Yqa/KfxQ,Metal
R/7t9o+UWArVpoB1,Metal
e5fGsXnK0GFqLEdF,Metal
u4+lntKOMORe+Mr4,Metal
MnR0lvWmbI//hyJo,Metal
eEaXLlkP5+VoS9q5,Metal
BVD1TzzCLO/j9YET,Metal
CFh4HDCFgA73wpe3,Metal
/4FEV5nYYJokzzmJ,Metal
4GmnPNjSHCuLdyNb,Metal
kl2eW5TcYaEgBYje,Metal
uQ8zTqKmIOvC1SH8,Metal
g05rTTTKiGP3alYM,Metal
w/1Q1aTFA7SCh0in,Metal
G6qX/BJ6olXvro5e,Metal
PySnsbgIWAifyJWm,Metal
hTR/062Gelvq0w8d,Metal
DIc9DCa3Zwswg26v,Metal
ADDyFyiti7dxdV6g,Metal
+CqLZ7idvhK/oV62,Metal
40rVXy/clMAsUW6K,Metal
9Kux3v4SefRpIdoA,Metal
rhFDHnPA0YygNPTv,Metal
MekdMmJUVaADjdfz,Metal
99j7gM3MMIUgrTIi,Metal
t7iGTitIxUI7fwxY,Metal
+zZP5gddIeEU6Fpv,Metal
M/iWKrFHjSM4K0Qy,Metal
5ojPEjpIm6AHI6xu,Metal
r8Fox+xvAbGJxFmx,Metal
qdMt5Cvv6vEFpAQR,Metal
MUNNDyyPzD/X67d+,Metal
yZ7CGpqshcs3XP0J,Metal
eObQQ/9MyPFfERIp,Metal
pqqXWcTYEZRnYLms,Metal
nGEh2IbCS24xf1gh,Metal
SJfKYx9Oe93ueP0B,Metal
IF5AtIA2bbPmENVG,Metal
lZ4sISyDrGpgxVWv,Metal
TGt75iEsnwilJ7C8,Metal
VVvKC6KeUHaaGvKx,Metal
aLA0w7slBK0NRLHw,Metal
Kewm/gg2wOAnfzN9,Metal
bvh5sCnzqwifEhJA,Metal
b4AAylS7ICXrg5CT,Metal
36LBEf7wwu0GFEbU,Metal
98Y2PqS7djiy0U0D,Metal
SNV4SdudotSFu+/1,Metal
/tmtktCYAzRiOarW,Metal
N7L4W1NQhyHot2gx,Metal
7y/nY2Gt7YWw+Dzm,Metal
L9no7ttvkeuf4ymV,Metal
N1ts1tNI57QtUg4D,Metal
LovC0ZECSIbwUkOR,Metal
Q02fflqHJa+k8SKe,Metal
QvjwWL9M0s/qrWew,Metal
0aigO7bqrAmImxOi,Metal
+/u25oA01+5a0Ajd,Metal
HiAftOd0PLItb5Ba,Metal
I46EJ46OUg2Lknhi,Metal
cOfFI/UmTh38lMbg,Metal
pMyRvAVOaz5AVw1l,Metal
FLYBC6W7n5Zg0d9H,Metal
d6nCvIegA6fL7bXO,Metal
MmgcehZLVyXK65JV,Metal
kkthczuuGbj1fjjR,Metal
VXf46I45AQ2/uUXs,Metal
Y/Ex1uQftWgRgpUZ,Metal
liQg15Si2kLsbY+P,Metal
Z2NyqeBwecoPhq+0,Metal
2DQ6xVbMfDWpzR7Y,Metal
TZzgrzMeBv0Ysuw1,Metal
KzGF3M+a1xaQS5aY,Metal
NQBGVCU2tMHR11by,Metal
D7zng+ZVu7b/271P,Metal
25g6Vp3I2b4pAtwF,Metal
H9bTlqhmV8bWjgkt,Metal
+/WS5UL37URnCRCN,Metal
yY42re7ydULXh7Fg,Metal
Rp/WSF7C8DxFlF4/,Metal
mAiFyqkXyxhWjC+v,Metal
Ns2jEIjyd9XsV3NA,Metal
HCKqNEjgijBMHNij,Metal
rBXhKajHDpw/nT4J,Metal
f7H+B6vcia/0477O,Metal
107BWowpZaokz/r4,Metal
P0XG6tj9axn+Bssk,Metal
LolWD52eI5/n1JVu,Metal
B1DJdHDR+DPxJn/a,Metal
wvN6PMFXU+7yamo4,Metal
CCXzOKEkhAZKwlJq,Metal
ViKhbkEix57yaqBO,Metal
KOKWSzN/kaH4V931,Metal
Pav0aRlcpJS+mllw,Metal
qp46igtnVGuBgO8X,Metal
ixajHtT8y9iJ248k,Metal
Pqu0DAXr1w1qdA9R,Metal
7MFzhcxsCkuZZVW5,Metal
WBYt+ULeuVXAn+Fz,Metal
3g/lLT+NPPFEvLFw,Metal
OECcoEq2KtzvIOM8,Metal
2rmd4kFiJN+iugod,Metal
6oJoP8k6qfC9FoE7,Metal
p8BCxlyL5AxvnQOf,Metal
sm+MDREM9gkJXgI5,Metal
Mkh6RUBtx9aDt/VX,Metal
ZB9GufJA8nyb+Glh,Metal
O311w0vCXcbYQ4Wv,Metal
C+haOBRWYVQWwCRG,Metal
1+gwMVTiS0wwcL8l,Metal
3F0Q7nvU262eaPvJ,Metal
mvFjC4TIJ8+Giqty,Metal
UfAGwjGJ/vlqNtrZ,Metal
xyqcakFwO7mz7sjA,Metal
OI2zBUZrAA8p+491,Metal
fRvXO/wbxcgkijmq,Metal
FJc/q7sTF2N1hwZQ,Metal
d1k0rzg6GdvYlyjG,Metal
Rd5iVGw1PoY8dG1U,Metal
CBgTodAeXEfksGqT,Metal
QqHcLKOM9DXjGWme,Metal
8N9ElyCVaECZjW09,Metal
NFaWzp48mDth539I,Metal
6pCLTxrqz53b+bPe,Metal
cvn4ayJbo25t+fYX,Metal
oBou+nKMx4lAXdj0,Metal
iid+NZP4xacVE0VQ,Metal
wrEQq/btv+YL/v3H,Metal
5l4TC/2vAC6+83sC,Metal
WtHVLYxGswaBqgC/,Metal
EaLAxUFDWPZ+HpKC,Metal
GZeO7Uj2+OdBBgpp,Metal
xbJCNzJcffAOUI0a,Metal
GY5yuomN05EjjKoc,Metal
3pH8wGihVhifrpM5,Metal
NloiGmAaxkaMGOL7,Metal
Vt3yr49yyKKscBE7,Metal
L6MTUsBXaL4jY7Hu,Metal
5ixLcHefSrTXijCC,Metal
Bl1nQl6wzDCYpBvp,Metal
khVoFy1sCOeAYHgM,Metal
O2W29Wnro5OctJWI,Metal
ZY6p6yJq04P4BM/U,Metal
3mUSYlmJPNgBWh7j,Metal
YLu2Sj2UyKG07s31,Metal
wDYip6IC1vS5u0QC,Metal
0YFc5ofFT14MDRzs,Metal
jBB9gisyMpLjfu2S,Metal
gWkmBWVzwibSCRBE,Metal
yjK3Onic54ptqjoI,Metal
qfM2tgTWv0V5pqOf,Metal
Y8EBpANUqkbt7/4c,Metal
tiYJHrZZPVr4Ig/v,Metal
zsaUeM1Rypi+pQpi,Metal
IJotTzUSTpX25FpG,Metal
CKA+B/XlFa2nAwHR,Metal
byxLm0OvFFKZ5EnR,Metal
rJemhU2qpFRcnoVs,Metal
8kzxWdSajbZA/2on,Metal
cHzyrYD00YdnU8Md,Metal
jIj030zgbYiIZlHf,Metal
wG76WXTwfrZHJjCa,Metal
quMlUeh9e9/nvlcp,Metal
SrXG0YxFCs20MIo0,Metal
+owH42CzNuAFX0p3,Metal
6inUOaPbNZmlG3al,Metal
nx/UZPavZPfWPvlY,Metal
pCTyYjuGll2j1hb7,Metal
h+pg3mUVsWWEqoFs,Metal
Ukd1UL7wzdk5apTw,Metal
v4F/B7+pAknJBewD,Metal
tG2zJWVAz9JcEf2w,Metal
AGW692Ij10lTbvuB,Metal
OhvL5AvE6azvxzOk,Metal
DHZM7TNwC/k8hZQV,Metal
VksP4pIThPB6LUXe,Metal
3lxmt5qSJLEktfRz,Metal
VqHXpUajZE9niePa,Metal
eQTWjzTv6oojIX/e,Metal
1l5JJAt40cLEa1IJ,Metal
CtwHjt7Ai4sP7FKw,Metal
XS+OWyAhb1vKUJNU,Metal
sd+bxoePgM+0m7uK,Metal
6W7CoJqrBXgSzpVO,Metal
rfXkwR5L6yXmg/jA,Metal
5wrR6Igs3gqe2brB,Metal
lp87i8jPk4IfNyea,Metal
UR0J1tOJWDN8QAqQ,Metal
IVZLfYnxHK38ui/e,Metal
WXfdX6dpt5GgX6nU,Metal
E0zFP8tnB0NAfeft,Metal
zUyTmfIy/VTy4D9c,Metal
PFu1DO4wYTnSU+Od,Metal
XqFIC6LCEM8S2CfC,Metal
PY8YclDmFKXWEwQI,Metal
d4pe9+9ivsy5470l,Metal
K8OpkAQ1rzASzahS,Metal
lB0c5c0hvTCnonuf,Metal
p8Zh6+uNaOOqzjB1,Metal
6KJn6VquKkSHPFk2,Metal
Lh9ZSGHWFIEloP67,Metal
xD/ULrAfD0cLJIHG,Metal
mm+iZB52wMaUhI30,Metal
Du5ue1OSjdDBkKaf,Metal
ebKVmWeNZ1ivvHf6,Metal
mKAFyGUraltUgo2h,Metal
Je1QADohgEBrsUa7,Metal
FDP29xad6F27lx9e,Metal
RS8eMFkZzSCCjYeI,Metal
U18dlML+J1uLxDDf,Metal
m5i0B6VUgHjSJIHZ,Metal
mq33YXiBN7L/93Tc,Metal
OR/ntjQ/ezsQIJ5b,Metal
8mVivXk/BO/nM8Gi,Metal
Wwcyp4AkLjR/CIrr,Metal
/rzRfd3itbUr1clh,Metal
dSTz4EqWQlHvWQFB,Metal
7KYNDk8aaoKyo7nH,Metal
bVFiyfyH+pghsG6c,Metal
gnyoWoj/U1gxgp8U,Metal
vWUu0wIkG2QChL7I,Metal
v10S5fZUCAv6olol,Metal
TEBQkV7jj114jRww,Metal
AV2KQMnR90QGPNql,Metal
jmkfa5bt8nMH1gDn,Metal
Mf8PiT/wYKGhHW4c,Metal
gnWOWs3FdcaHswPm,Metal
R7+nKG+25psvajRe,Metal
G83RWPhQXb+mYetE,Metal
RNEi4Frcqb6g1cK4,Metal
H/NhHcpDQHtbIAuT,Metal
F3EwxruGkvnNmL2q,Metal
cbbbQV0Jhkb/OVpn,Metal
nmdMMfRnBcWcosB9,Metal
d27idBoGm6/cHSb1,Metal
Bons3ajZ4L7R9hJb,Metal
bhLjW4xhD1W2DW8P,Metal
lv77wheTXmktYg4g,Metal
VUyeCw98F1aMISAn,Metal
HuTRbCmAmZq+FGEK,Metal
ez8WsPTnT/MvLX0T,Metal
+v/CDe0ye5AovBzz,Metal
q9xNpXTV9sIwFAMJ,Metal
XUieO9x4X+79wCDm,Metal
DCGGuJAlrdZmIgtZ,Metal
5YCVfVDxCh1kUJg1,Metal
B9t2HRzGWvzUyc6t,Metal
ep+x+jbAkKicYKhb,Metal
8rgg6ibC1fqRFVEN,Metal
140bIRsHNHYFezMX,Metal
jzI+lnXDkmPE2sbL,Metal
+PWjiLXQanSKDLBW,Metal
8Gh+o2/tSCBUJI8z,Metal
GEno8sPua8sphuST,Metal
AWjabnQ6pwAGMuvt,Metal
SfmdYvDB8dl6SHul,Metal
xGnBGQYlejIQVbe+,Metal
DvaUAuNs94DNqV7M,Metal
17IZv+2AwNMrqEQH,Metal
Y+vvjax+pRsYWXDa,Metal
Tvo0edGamtjGEVsF,Metal
/M597cG0PXzesA89,Metal
LQ1rwnCJuYK65Vtq,Metal
s1YVJ1IkVGX7mgpI,Metal
kQ0Hxn0fDdhFsXob,Metal
kDGXfzFI8V+xQZZJ,Metal
vm8fpmNxOHrhMWeX,Metal
+gn4lQ0nP9IrNU49,Metal
eowdet9zRZOHc5ts,Metal
JUiGo5WH/TNq7p8S,Metal
vELRoIUXfZvxDcCU,Metal
l2M3dEmka7BopHWw,Metal
Rgfd4DR14qe7pYP/,Metal
3+tqycwaroAGc7R1,Metal
zVz9g+pzexHPL2MX,Metal
SVJe7wiLpzjC0xWb,Metal
0nsLygWYt61gL5bW,Metal
gf9XS8ZtVm71vZ8J,Metal
iVr9BLwasEShFKdy,Metal
um5T4SUp4QUqbZsQ,Metal
6VzdFXhcfkdY4UL1,Metal
/16vJTrwMEVTDNYf,Metal
+Qvro/eEGN57In95,Metal
hP0YTEa73fdMXnQU,Metal
ecEu02+vBp4SItm0,Metal
mBRsr+yhBIkCol6E,Metal
hyj2p7tDpustZ28K,Metal
dxY1GsSWFM4UnZm3,Metal
r8Pj9QhK39HjfWtG,Metal
unnCe2YHVE+45DyX,Metal
TIKjh0BBoa1r3K/p,Metal
4mrhB8nMz28rzVqm,Metal
6EdZgEp69++9V4zb,Metal
NJt6IJ+HaAsXmaMO,Metal
SWJANJnViMfXKSvb,Metal
UgenWg4ojQduDxSH,Metal
EH+0tRLFOZ5pakHq,Metal
QjU/Ku6UHtZiYZ0z,Metal
o7FNN059EgjMiR9E,Metal
R6nhdtZNaiAGJXL2,Metal
qSon0dA2yZRVL6N+,Metal
mmArX8Sh4+OcxfLJ,Metal
4cExmg6bK+84Jc91,Metal
Q/SbO2Ha16AahUCl,Metal
SJAJSjPd/9WQV6/w,Metal
oWXQMclOw04L9t1Z,Metal
PbpIoVwiNJaLME9r,Metal
MNR2EGNq/0XCLVCU,Metal
lzU8rr8sjG3tE3aa,Metal
0YXnt3FhUj1cTxWb,Metal
fcblLjf53L2glItC,Metal
ljvpWhoZknufa7E6,Metal
AQGHovAiDMd2aKya,Metal
pcwoiise9f1ucWu3,Metal
9iix1fgL+gU86j/D,Metal
BQ7xYjDCSZRxwF50,Metal
0/MTx1pHsnE+U64M,Metal
KgIeEBFQzLt28ONZ,Metal
/I3iPIAUguwjY6L0,Metal
T1fsmDyYjIpLDFNG,Metal
Aw7G7w/uLPaddV1D,Metal
7jjojD4Pgpg3n/G0,Metal
x9BDl1ZAB+t522JF,Metal
Gj1w+reBHb9TgZU5,Metal
K8cockBY4iNAJAn2,Metal
LC0z0n2Z+bkuUGPs,Metal
dZxSo5SMOEG3DOjs,Metal
npo/8Egy39vcWb3V,Metal
0fdCasbbXWAqHE3j,Metal
K06+PZsrmTHEpVQZ,Metal
GMcndcuZYjWnoabE,Metal
9dL7R4KGrM6oL7MI,Metal
a8EHkKbuIbM9nrS3,Metal
NXtfwfAI8yrPIcVZ,Metal
Jx6bO+EvP6VBE33h,Metal
9JfgaXC9GBQNkc8n,Metal
odYC/p/Q1UMZxAmt,Metal
qeRlMWWM0MhCWAeF,Metal
nJcGGXuUw92PTvkB,Metal
Jq3snNa9727Tbt3l,Metal
MQl70ZTXrDY68Ouq,Metal
+1AWIHnSdWD4kRWX,Metal
736elVal0yYetzF1,Metal
Cg1mndUGxfdn7lqU,Metal
zHJ6sJidB3U8bMmP,Metal
7bJqTWAmzBDRhLsa,Metal
XKEnkVABcJhdryT2,Metal
idQ1W5D5RvBv7y2y,Metal
gJPIVZGiKomTMAJY,Metal
251VoI8WW9gKSUMN,Metal
VRwxgxHdpCF31qcP,Metal
SeFbnAceP6MfQhVy,Metal
xYHO/fLwUGXhAgKX,Metal
zVWQ4geEYLQtgvu5,Metal
ZhOUTnRQhlqzKmj4,Metal
SRcKlQDjx+STJeFz,Metal
KFMkQ904PRZkpBUu,Metal
jCGCBk7tvMrqMdaD,Metal
15gYDm1nGvFhFaPc,Metal
nbP3aRdUY/NUTLfR,Metal
I7O1q6uiXJkgXkmK,Metal
fhvQmFZSkOLDBth7,Metal
u1+tSzALQbjPrbYN,Metal
IFi+3dTcYM+n1ZWW,Metal
fvv4gBBBCPDDka/E,Metal
4Px1YUZvbK6g1XD/,Metal
WGfvCO2NPXPxQEp8,Metal
Be/qA1MNR39PtvO9,Metal
hHp32d0qpMGs0IRX,Metal
ogXn0qk6m1v74Hh5,Metal
j4BSJ6EtYqR34jGK,Metal
FeT68GIJG1GnGp5p,Metal
WpE/2Vphp3ewaYpk,Metal
psMErSwpT5weKV3K,Metal
OOVwCkV/a2x4H86X,Metal
Zk1UdBcW2DP5w2Fx,Metal
c1uhqyAjpiqrQtlO,Metal
j8f8qzX/dYy0KTrR,Metal
GVXDPjhQ6OX5WWJQ,Metal
ooAcC/Alaf/sl6mi,Metal
xqhFWIwmawhtvE6p,Metal
v5qke/L7DSFLJqec,Metal
S8QGsKdzh/aaJmGR,Metal
jDknKXYvcFtqEwJl,Metal
fz9TjJdsDKbPR0dZ,Metal
uE9od77dlaPPq814,Metal
H+wyTVknAdJaGREE,Metal
E3OnRYCJ/6FXpkfE,Metal
Xc9eoJQV/YpdHrId,Metal
tP6oU53Sg+v4z78N,Metal
PwLMTTqMBi0ej15E,Metal
4Wevo82Fdk1T6x/Y,Metal
RUPUUMlB1u1HyKJ0,Metal
Yf+pXtIB7C5adHlZ,Metal
gNxNA8QbOwNih09K,Metal
alKQ5XyTjX7IdkGE,Metal
ENEixDQdLtrMVvwU,Metal
PkrTKZwWVoU4NqlC,Metal
42+gqkle1F/fk0Fu,Metal
ArT3b2DYvuTLM38o,Metal
JDfez05y1l4WGFhn,Metal
6Pody1P5ycNcVko0,Metal
2fm4vFo3FpBTw86o,Metal
h23zajxNSscG43Ph,Metal
MUI4Oh2kpfB+ZF7Z,Metal
kvP54GUUTIz217Xm,Metal
crgTHdy6RNynzTGH,Metal
yaNFnVA4gskEa4aD,Metal
3uKA29zJSxGreNqe,Metal
+LytGMnKAOuelx7i,Metal
XjAFfzUAfrfqZWeT,Metal
RFLpwfbSVpLlpj5R,Metal
ZmkMO0usor0pEc/A,Metal
W2bFEYzPogxqxptf,Metal
Z+MLxh1bIqaOPXDH,Metal
YnPxoXP/TcNZKri0,Metal
8YueyBcUjnmrAnoS,Metal
IVLRBMIw3j6p3fG+,Metal
PTJjJLvy42/bTstw,Metal
Qs8vUlzv2fyqga+t,Metal
TJM03McQuCI8WQue,Metal
tOMtr/K2WQuOa4pf,Metal
UOwb8wHBz9rjIozb,Metal
ysPqOF+JhFseD3E1,Metal
65YCoEADkG889+wG,Metal
IbIzsNmsnvlMGgCw,Metal
FSqGrh7HQMQ1s87i,Metal
iqssJVd3fXuXTjuB,Metal
JlhfL9Ca068KABkG,Metal
1xkOUCllZRG1jsta,Metal
yFKUBoyFI8qkyLB0,Metal
b0Lp/HGhWevy2ztO,Metal
B4k+R5juyh+ZxF/+,Metal
7CmNUKa4ScdNthL1,Metal
E/s9UPgPYlO/GYzB,Metal
93sXL6Qe0xenqiW/,Metal
ZJdTGhnqQweWRurv,Metal
byWIEhMhvNlyvcaz,Metal
DoFoAtAKRxtTyR4V,Metal
9d5ugo3VojyG2/o0,Metal
2UeB0qXX2TGIBgUH,Metal
QMkJBq5NcPAg7YNK,Metal
8f+/qPhXNjl+cR2e,Metal
iY2gOWkw6o4KxyTz,Metal
1uFoiWF1W96zW0vR,Metal
6yRKWwhIIuZDvnLE,Metal
6oxUTF3t9Ty26co1,Metal
crjm8XOVxVZebDhR,Metal
yxyeunh8BOI/ucs6,Metal
ASnOK4MKAPjpZkaU,Metal
Pv/HCS7Qp00CgXDb,Metal
AgD9uWNZMElmmVqO,Metal
MtdHXPQFcfOtbVcT,Metal
Br4QVQLypfcfBQmF,Metal
ysLZtj68lV+Yam2N,Metal
AS25OuGYcCRSQWz+,Metal
NoJ3E4SMLLqHg1oM,Metal
SSSgmPFiz4u7lnp4,Metal
dyqqXeOn3y+MjYOq,Metal
0swM287H+a526k6G,Metal
a2fYCu5FkWIwZ/yV,Metal
Ji9GhG7LA5KJn9qd,Metal
I0PKU2C5YbwPHdaJ,Metal
3eBSNDRFQsEnCBs+,Metal
qVEK1DINOeShUuqk,Metal
JDLaAsQ8Ik7L/34w,Metal
1RnKto/Bd7mXCGmb,Metal
2aGlvh3S9P5Pz/Wc,Metal
IYOAysifxkSEbucD,Metal
4X15BZve9v62WQdk,Metal
AcfkhQ+0xql01UjL,Metal
tBMgbHmpLxhl2Gqs,Metal
ObDeeJCYkKR4Uthi,Metal
7lYM3p/VXIY4LuH/,Metal
1LaKeV+FIGorfii+,Metal
KWadiwwcOKRc6D5B,Metal
Uu7TB98EAx9+66mB,Metal
xCU7zYBxLv3LhJ5D,Metal
wlERa3lrvawz053O,Metal
YKx3HdTuQTBZsOmX,Metal
0L/9oMY5sCZQUr0i,Metal
3JOb3/Y3JiOXG4Cn,Metal
t4zocxOn9d21g8yu,Metal
EuUv9fSdVYmyf8Ui,Metal
2+Uv2857ICXArje0,Metal
vxdZgn8qAKheN43A,Metal
QYNq9K3RgsCE2UHA,Metal
dD9QhfovRc6sJz42,Metal
iZhkg+3uADrdI9Gh,Metal
tBh1wUawpcD/JIv9,Metal
t4BkfriGOmkwmSMu,Metal
De27boiDW6YeiExV,Metal
/o0Lx/s9/zm687+s,Metal
s90c2Yq/xtw4n5Ee,Metal
9SFTeBJDpAMtPZP9,Metal
U9FAxMU8+3kbPL+6,Metal
qMsSkKimr1KN2SNU,Metal
Pe3mBn6/VJJVNMWM,Metal
QNF3UmHec+fAkonz,Metal
cN4g01We0aG6KTNg,Metal
F4JODIPghN02HYam,Metal
eCpeJ8QvFnt3icoe,Metal
qCaDM4ER/RupIX3F,Metal
4XAsY91mmhAmmbwl,Metal
Dv/DSeOfMLMs65x2,Metal
R9Q3Nh4nZSAeCKcf,Metal
ErrOu2EfoYSP5bbY,Metal
GD9M2cgZjQ5WHixS,Metal
M/gK9SKJGG2Ry/hq,Metal
y8M2QBscCO6SJjQ4,Metal
oIq4gYWQ9G0sIAu4,Metal
tjidCvrUDwQsXVVr,Metal
pf40SHwnGXypq/Wx,Metal
IpaPr37ztwR9pLlm,Metal
IzBjg1475s+Q/nfQ,Metal
6cgzUlI449PNkP97,Metal
nNO/7eWN1ypHPrm6,Metal
3nivErQ9HkUmXyv4,Metal
n4+axcddIeiaNzps,Metal
YxkV/mh6gqg3S+Ym,Metal
OFbyeCkyato6OVaa,Metal
ZjYB4YFRqqg2oAOq,Metal
l9sQd5YepRisOXML,Metal
0QNE1bbVW65mQDPg,Metal
t1BZznrzKD1Wlv65,Metal
j0Uf3Kk+NIXvB8Lb,Metal
ubULdsCqZEhLdq9y,Metal
qiTNHbN4xrPgnfkz,Metal
PlqMqlnUigpYK4QS,Metal
xPiQfLmFO1A/iaEI,Metal
G4wcm/6F7s8Hhgyo,Metal
IBCeK4bihF0VywAv,Metal
F74uQK0afPDOlpYg,Metal
t1DFDrYKLcqIHzl9,Metal
P/9zObqb0Q64XuqC,Metal
qOiQFvRCf96lk+n5,Metal
QpLtZE+0X5fznON2,Metal
o9OcMba/AZtiTVp0,Metal
8o+AWKMDCTW35RQh,Metal
AYP6OROu11OpMSJ5,Metal
zTRC9IGEzaf0RLCw,Metal
F7u5s+TWRtPvYpsq,Metal
La09xiOnbToyTxTz,Metal
8uMnYtpmPlB3X6mg,Metal
uG23pFoPUhMNAK5L,Metal
VHUkfLPwYNvvspSv,Metal
66Yi0zn8OxcimzOj,Metal
c9Bou49lZaDGnLWp,Metal
8cZJhTUG1CbEy8Ng,Metal
kjdC8eS8/owYC9U3,Metal
WWRVoinhvx3PR+Ic,Metal
B31FlhGmdTe3hBuk,Metal
bFz91KEtDtTJUzjW,Metal
AK8TC7rrYACmKS0n,Metal
EpLrRmLOdewz6tRO,Metal
hvrL++fGLrkFyPTq,Metal
Tju1hgKMWBy3nCmG,Metal
lvS9ZjQYW7K2/9io,Metal
sEECv3Xu0NHBjTfA,Metal
NrxEe2JLMbqMyVZr,Metal
yYnYXMBYU2cGP/4y,Metal
4zGGdk3lpL5dhZVZ,Metal
NgQ4oEsXuS0rrHuc,Metal
BHm53or1jk0FiuuQ,Metal
FbovksQofrBLnrzP,Metal
9cK3ArlWHV1TP2yJ,Metal
TgbsBQrQhkeyDj7C,Metal
Bb4lPRqZRDsabjJj,Metal
hD2ORHNgzbOz+0sZ,Metal
eLY5oecDI1JnqNSQ,Metal
09WMDsEnLpYs4q6O,Metal
QnsK2s1y4QPBUHCO,Metal
lATtfvlrmNm+Gvby,Metal
7Lh9W9/5kuDSznyZ,Metal
CxenwR7OolbokiLh,Metal
mh+Tcdcli8koe6Kg,Metal
rOwkLLYILkYmFJzp,Metal
8cd24dQfwjh1fjo/,Metal
ciKZEWvTiJyo/kPx,Metal
ieOQMmotsB02wi/+,Metal
JKauv72+KwpJQMqW,Metal
kj/9jz1IVsLg+lzG,Metal
1OHCFoufuwjyqk2T,Metal
2c5MVt3Z5kD2g7fF,Metal
FDv4zrWh+NIaw7/5,Metal
WthV8ZOHjuYcspDM,Metal
uVN9XLZt+wPm1bdZ,Metal
QM9n2utR/eaZ7dmK,Metal
dBssOFoY4rHk5cwa,Metal
az+unrzIMHefVI08,Metal
5OuukBcIuRwHF41V,Metal
b9nAAyqhwz7Pva+g,Metal
sGSWg/3BdSGphTUl,Metal
X8d+XXk/2Rt+VPpi,Metal
d7OGFqM/aMWUUlYg,Metal
2tbAwrt9nJoezdrr,Metal
e5USLEu74K6VGnfJ,Metal
3J+AQhLpY0oNF8HP,Metal
qiwrTxyaPukAOeEv,Metal
HAU5xaENTz/5bylO,Metal
j7OmXhLtSQ1YcUN3,Metal
Z7kieyUx8evIdXcQ,Metal
4TIX+m6sd0H91abH,Metal
wpUPKPursh86Rc8w,Metal
j5SWSsfUa6rRHA/7,Metal
vAnxr9D9IPTrByzT,Metal
5utfbcwIByYCmlUi,Metal
71s+XREoAk1Nv3Lt,Metal
498w4BGxgGtfVbx9,Metal
qsEPsa/fwn5eN1kj,Metal
F3DyT2lyMbkpvms2,Metal
CwSFMiBcV0t6/pqe,Metal
Mx0d3fQnUySiY18+,Metal
ljXEL+k8Jqe9hqsq,Metal
tp3QP0kJnndGc3VI,Metal
FA9qT/E77GedOyFM,Metal
4k1aDBeEEkSQT2I+,Metal
dWi8CovVfOIMArk7,Metal
0jQinl2aK3/9529f,Metal
/5hMap48pr18zOoB,Metal
lAzTMsivyYDz1kxM,Metal
qReN0+04Bkod5kCB,Metal
vSD6XReNAss9q2KJ,Metal
KjGTbEIjlUHpF512,Metal
L5BIYIc8VezQmU7+,Metal
STiFE1Ixrut+WNH3,Metal
DR7KghrAC5W/7HHe,Metal
jysaGVihZieri30Z,Metal
oKC3ak821yijNTsE,Metal
I1ygrX5DT0C+B2C+,Metal
/k33NSqoHjPVucw6,Metal
IYxdubQHIKVXPtK6,Metal
XXijOrdUUPxH6xsh,Metal
MaDkEt2A4Xe4hw63,Metal
YLU8E2NfVtlKwFIw,Metal
3THn8RQJRSHOcQL+,Metal
KEcB/J9ThX3sVnTI,Metal
UExvaRWYR0qTTKcN,Metal
aF72LDqhWA5fHooq,Metal
12m1u1oSUkcP/tTA,Metal
qNh30vLrN4VD1vH1,Metal
q4/GuebehZeJhBbJ,Metal
/gOuY755VChgqynB,Metal
/xtGeo8hkvIA0KNQ,Metal
EksxuHKvgGdz/YCb,Metal
Em0S32tTMEvujiTP,Metal
SQ9lbCyQ9Nbq10eu,Metal
Kty/E07V68o+slJk,Metal
Y3PdrlBmoPmC2CcQ,Metal
HNAHMjyufSTak9SM,Metal
ZIrQO6j4LHLaJWG1,Metal
/cuvPfG+QluCq5Dc,Metal
2A1e+E35Vpcq4HPs,Metal
lPri7BWr7Qd5fwi1,Metal
DwZphjrZJwmhnh8d,Metal
ObfXKLfo3N9IuZGw,Metal
qCxgC5trW/Xl/wC8,Metal
z8dKvyoqkEVA1aKZ,Metal
s2RNjtkc0Rzt5smL,Metal
QRLWYc0bYc99iymy,Metal
